id,likes,date,views,post_text
2442097,238148,2018-05-08 21:59:24,14938131,"–ò–Ω–æ–≥–¥–∞ –≥–æ–≤–æ—Ä—è—Ç, —á—Ç–æ Telegram –±—ã–ª –∑–∞–±–ª–æ–∫–∏—Ä–æ–≤–∞–Ω –≤ –†–æ—Å—Å–∏–∏, —Ç–∞–∫ –∫–∞–∫ ‚Äú–∑–∞–∫–æ–Ω –µ—Å—Ç—å –∑–∞–∫–æ–Ω‚Äù. –û–¥–Ω–∞–∫–æ Telegram –∑–∞–±–ª–æ–∫–∏—Ä–æ–≤–∞–Ω –≤ –†–æ—Å—Å–∏–∏ –∫–∞–∫ —Ä–∞–∑ –≤–æ–ø—Ä–µ–∫–∏ –≥–ª–∞–≤–Ω–æ–º—É –∑–∞–∫–æ–Ω—É —Å—Ç—Ä–∞–Ω—ã ‚Äì –ö–æ–Ω—Å—Ç–∏—Ç—É—Ü–∏–∏. –†–µ—à–µ–Ω–∏—è —Å—É–¥–æ–≤ –∏ –∑–∞–∫–æ–Ω—ã, –ø—Ä–æ—Ç–∏–≤–æ—Ä–µ—á–∞—â–∏–µ –ö–æ–Ω—Å—Ç–∏—Ç—É—Ü–∏–∏, –Ω–µ –∏–º–µ—é—Ç —Å–∏–ª—ã. –ê —ç—Ç–æ –∑–Ω–∞—á–∏—Ç, —á—Ç–æ –∏ —Å–∞–º–∞ –±–ª–æ–∫–∏—Ä–æ–≤–∫–∞ Telegram –Ω–µ–∑–∞–∫–æ–Ω–Ω–∞.   –ï—Å–ª–∏ –±—ã –§–°–ë –æ–≥—Ä–∞–Ω–∏—á–∏–ª–∞—Å—å –∑–∞–ø—Ä–æ—Å–æ–º –∏–Ω—Ñ–æ—Ä–º–∞—Ü–∏–∏ –æ –Ω–µ—Å–∫–æ–ª—å–∫–∏—Ö —Ç–µ—Ä—Ä–æ—Ä–∏—Å—Ç–∞—Ö, —Ç–æ –µ–µ —Ç—Ä–µ–±–æ–≤–∞–Ω–∏–µ –≤–ø–∏—Å—ã–≤–∞–ª–æ—Å—å –±—ã –≤ —Ä–∞–º–∫–∏ –ö–æ–Ω—Å—Ç–∏—Ç—É—Ü–∏–∏. –û–¥–Ω–∞–∫–æ —Ä–µ—á—å –∏–¥–µ—Ç –æ –ø–µ—Ä–µ–¥–∞—á–µ —É–Ω–∏–≤–µ—Ä—Å–∞–ª—å–Ω—ã—Ö –∫–ª—é—á–µ–π —à–∏—Ñ—Ä–æ–≤–∞–Ω–∏—è —Å —Ü–µ–ª—å—é –ø–æ—Å–ª–µ–¥—É—é—â–µ–≥–æ –±–µ—Å–∫–æ–Ω—Ç—Ä–æ–ª—å–Ω–æ–≥–æ –¥–æ—Å—Ç—É–ø–∞ –∫ –ø–µ—Ä–µ–ø–∏—Å–∫–µ –Ω–µ–æ–≥—Ä–∞–Ω–∏—á–µ–Ω–Ω–æ–≥–æ –∫—Ä—É–≥–∞ –ª–∏—Ü. A —ç—Ç–æ ‚Äì –ø—Ä—è–º–æ–µ –Ω–∞—Ä—É—à–µ–Ω–∏–µ 23-–π —Å—Ç–∞—Ç—å–∏ –ö–æ–Ω—Å—Ç–∏—Ç—É—Ü–∏–∏ –æ –ø—Ä–∞–≤–µ –∫–∞–∂–¥–æ–≥–æ –Ω–∞ —Ç–∞–π–Ω—É –ø–µ—Ä–µ–ø–∏—Å–∫–∏.  –ü–æ —ç—Ç–æ–π –ø—Ä–∏—á–∏–Ω–µ —é—Ä–∏—Å—Ç—ã –∏–∑ ‚Äú–ê–≥–æ—Ä—ã‚Äù —Å–µ–≥–æ–¥–Ω—è –æ–±–∂–∞–ª–æ–≤–∞–ª–∏ —Ä–µ—à–µ–Ω–∏–µ –í–µ—Ä—Ö–æ–≤–Ω–æ–≥–æ —Å—É–¥–∞ –†–æ—Å—Å–∏–∏ –æ –∑–∞–∫–æ–Ω–Ω–æ—Å—Ç–∏ –ø—Ä–∏–∫–∞–∑–∞ –§–°–ë. –ù–∞–¥–µ—é—Å—å, –≤–ª–∞—Å—Ç–∏ –†–æ—Å—Å–∏–∏ –æ—Ç–∫–∞–∂—É—Ç—Å—è –æ—Ç —è–∑—ã–∫–∞ –Ω–µ–∏—Å–ø–æ–ª–Ω–∏–º—ã—Ö —É–ª—å—Ç–∏–º–∞—Ç—É–º–æ–≤, –Ω–∞ –∫–æ—Ç–æ—Ä–æ–º —Å–µ–≥–æ–¥–Ω—è –≤–µ–¥–µ—Ç—Å—è –¥–∏–∞–ª–æ–≥ —Å —Ç–µ—Ö–Ω–æ–ª–æ–≥–∏—á–µ—Å–∫–∏–º–∏ –∫–æ–º–ø–∞–Ω–∏—è–º–∏.  –ù–µ–∑–∞–≤–∏—Å–∏–º–æ –æ—Ç —ç—Ç–æ–≥–æ, –º—ã –ø—Ä–æ–¥–æ–ª–∂–∏–º –±–æ—Ä—å–±—É –∑–∞ Telegram –≤ –†–æ—Å—Å–∏–∏. –ò—Å—Ç–æ—Ä–∏—è –Ω–∞—à–∏—Ö –ø—Ä–µ–¥–∫–æ–≤ —É—á–∏—Ç –±–∏—Ç—å—Å—è –¥–æ –ø–æ–±–µ–¥–Ω–æ–≥–æ –∫–æ–Ω—Ü–∞.   –° –î–Ω–µ–º –ü–æ–±–µ–¥—ã!"
2431591,25863,2018-05-03 16:05:53,9125848,"–ú–∏—Ö–∞–∏–ª –°–≤–µ—Ç–æ–≤, –æ—Ä–≥–∞–Ω–∏–∑–∞—Ç–æ—Ä –ø—Ä–æ—à–µ–¥—à–µ–≥–æ –º–∏—Ç–∏–Ω–≥–∞ –∑–∞ —Å–≤–æ–±–æ–¥—É –∏–Ω—Ç–µ—Ä–Ω–µ—Ç–∞, –æ–±—ä—è–≤–∏–ª –∫–æ–Ω–∫—É—Ä—Å –Ω–∞ –Ω–∞–∏–±–æ–ª–µ–µ –≤–¥–æ—Ö–Ω–æ–≤–ª—è—é—â—É—é –æ–±—Ä–∞–±–æ—Ç–∫—É –≤–∏–¥–µ–æ–º–∞—Ç–µ—Ä–∏–∞–ª–æ–≤ —Å –º–∏—Ç–∏–Ω–≥–∞. –ü—Ä–∏–∑–æ–≤–æ–π —Ñ–æ–Ω–¥ ‚Äì 1 –±–∏—Ç–∫–æ–∏–Ω.  #digitalresistance"
2422169,108126,2018-05-01 18:19:57,9873849,
2418560,47789,2018-05-01 13:01:25,8875706,"–ù–∞–±–ª—é–¥–∞—é, –∫–∞–∫ –Ω–µ—Å–º–æ—Ç—Ä—è –Ω–∞ –ø—Ä–æ–ª–∏–≤–Ω–æ–π –¥–æ–∂–¥—å, –ø–æ –ù–µ–≤—Å–∫–æ–º—É –ø—Ä–æ—Å–ø–µ–∫—Ç—É –≤ –¥–∞–Ω–Ω—ã–π –º–æ–º–µ–Ω—Ç –¥–≤–∏–∂–µ—Ç—Å—è –æ–≥—Ä–æ–º–Ω–∞—è –∫–æ–ª–æ–Ω–Ω–∞, –∫–æ—Ç–æ—Ä–∞—è —Å–∫–∞–Ω–¥–∏—Ä—É–µ—Ç –ª–æ–∑—É–Ω–≥–∏ –≤ –∑–∞—â–∏—Ç—É —Å–≤–æ–±–æ–¥–Ω–æ–≥–æ –∏–Ω—Ç–µ—Ä–Ω–µ—Ç–∞. –ü–æ–¥–æ–±–Ω–æ–µ —Å–æ—á–µ—Ç–∞–Ω–∏–µ –ø—Ä–∏—Ä–æ–¥–Ω—ã—Ö —É—Å–ª–æ–≤–∏–π –∏ —ç–Ω–µ—Ä–≥–∏–∏ –ª—é–¥–µ–π –≤–æ–∑–º–æ–∂–Ω–æ —Ç–æ–ª—å–∫–æ –≤ –ü–µ—Ç–µ—Ä–±—É—Ä–≥–µ.   –û–±–Ω–æ–≤–ª–µ–Ω–æ: —Å–ø–∞—Å–∏–±–æ –ø–µ—Ç–µ—Ä–±—É—Ä–∂—Ü–∞–º –∑–∞ —Å—Ç–æ–π–∫–æ—Å—Ç—å –∏ —Å–º–µ–ª–æ—Å—Ç—å. #digitalresistance"
2412029,28264,2018-04-30 20:03:43,5960016,"–ü–æ—Ç—Ä—è—Å–∞—é—â–∞—è –∞–∫—Ü–∏—è –≤ –ú–æ—Å–∫–≤–µ. –ë–æ–ª–µ–µ 12,000 —á–µ–ª–æ–≤–µ–∫ –≤—ã—Å—Ç—É–ø–∏–ª–∏ –∑–∞ —Å–≤–æ–±–æ–¥–Ω—ã–π –∏–Ω—Ç–µ—Ä–Ω–µ—Ç. –°–ø–∞—Å–∏–±–æ –∫–∞–∂–¥–æ–º—É, –∫—Ç–æ –Ω–∞—à–µ–ª –≤—Ä–µ–º—è, ‚Äì –º—ã –≤ Telegram –æ—á–µ–Ω—å —Ü–µ–Ω–∏–º —ç—Ç—É –ø–æ–¥–¥–µ—Ä–∂–∫—É.   –ü–æ—Ä–∞–∑–∏–ª–∞ –ø–∞—Å—Å–∏–æ–Ω–∞—Ä–Ω–æ—Å—Ç—å —Å–ø–∏–∫–µ—Ä–æ–≤ ‚Äì —Ç–∞–∫–∏–µ —Ä–µ—á–∏ —Å–æ–∑–¥–∞—é—Ç –∏—Å—Ç–æ—Ä–∏—é —Å—Ç—Ä–∞–Ω. https://www.youtube.com/watch?v=D9dPg3ofmyQ  –ù–µ–≤–∞–∂–Ω–æ, –ø—Ä–∏—Å–ª—É—à–∞—é—Ç—Å—è –ª–∏ —Å–µ–π—á–∞—Å –≤–ª–∞—Å—Ç–∏ –†–æ—Å—Å–∏–∏ –∫ –≥–æ–ª–æ—Å—É –æ–±—â–µ—Å—Ç–≤–∞. –í–∞–∂–Ω–æ, —á—Ç–æ –º—ã –≤—Å–µ–≥–¥–∞ –±—É–¥–µ–º –ø—Ä–æ–¥–æ–ª–∂–∞—Ç—å –æ—Ç—Å—Ç–∞–∏–≤–∞—Ç—å —Ç–µ —Ü–µ–Ω–Ω–æ—Å—Ç–∏, –≤ –∫–æ—Ç–æ—Ä—ã–µ –≤–µ—Ä–∏–º.  –ü–æ–º–Ω–∏—Ç–µ: –∑–∞–≤—Ç—Ä–∞ ‚Äì 1 –º–∞—è ‚Äì —à–µ—Å—Ç–≤–∏–µ –∏ –º–∏—Ç–∏–Ω–≥ –≤ –ü–µ—Ç–µ—Ä–±—É—Ä–≥–µ."
2407925,88092,2018-04-30 15:12:04,8233580,"–¢—ã—Å—è—á–∏ –º–æ–ª–æ–¥—ã—Ö –∏ –ø—Ä–æ–≥—Ä–µ—Å—Å–∏–≤–Ω—ã—Ö –ª—é–¥–µ–π –≤ –¥–∞–Ω–Ω—ã–π –º–æ–º–µ–Ω—Ç –≤—ã—Å—Ç—É–ø–∞—é—Ç –≤ –∑–∞—â–∏—Ç—É —Å–≤–æ–±–æ–¥—ã –∏–Ω—Ç–µ—Ä–Ω–µ—Ç–∞ –≤ –ú–æ—Å–∫–≤–µ. –¢—ã—Å—è—á–∏ –µ—â–µ –ø—Ä–æ–¥–æ–ª–∂–∞—é—Ç –ø–æ–¥—Ö–æ–¥–∏—Ç—å.  –≠—Ç–æ –±–µ—Å–ø—Ä–µ—Ü–µ–¥–µ–Ω—Ç–Ω–æ. –Ø –≥–æ—Ä–∂—É—Å—å —Ç–µ–º, —á—Ç–æ —Ä–æ–¥–∏–ª—Å—è –≤ –æ–¥–Ω–æ–π —Å—Ç—Ä–∞–Ω–µ —Å —ç—Ç–∏–º–∏ –ª—é–¥—å–º–∏.   –í–∞—à–∞ —ç–Ω–µ—Ä–≥–∏—è –º–µ–Ω—è–µ—Ç –º–∏—Ä.  #digitalresistance"
2405336,13285,2018-04-30 03:38:33,4014279,"https://youtu.be/FT6TVvAQ5OY  30 –∞–ø—Ä–µ–ª—è (–ø–æ–Ω–µ–¥–µ–ª—å–Ω–∏–∫) –≤ –ú–æ—Å–∫–≤–µ:  13:00 ‚Äì –°–±–æ—Ä –ø–æ –∞–¥—Ä–µ—Å—É —É–ª. –ú–∞—à–∏ –ü–æ—Ä—ã–≤–∞–µ–≤–æ–π, 38.  14:00-15:00 ‚Äì –®–µ—Å—Ç–≤–∏–µ –æ—Ç —É–ª. –ú–∞—à–∏ –ü–æ—Ä—ã–≤–∞–µ–≤–æ–π, 38, –¥–æ –ø—Ä. –ê–∫–∞–¥–µ–º–∏–∫–∞ –°–∞—Ö–∞—Ä–æ–≤–∞.  15:00-16:00 ‚Äì –ú–∏—Ç–∏–Ω–≥ –Ω–∞ –ø—Ä. –ê–∫–∞–¥–µ–º–∏–∫–∞ –°–∞—Ö–∞—Ä–æ–≤–∞, 9.  –ê–Ω–∞–ª–æ–≥–∏—á–Ω–∞—è –∞–∫—Ü–∏—è –≤ –ü–µ—Ç–µ—Ä–±—É—Ä–≥–µ ‚Äì 1 –º–∞—è."
2401719,22055,2018-04-29 17:31:01,10168431,"–í–∏–¥–µ–æ–∑–∞–ø–∏—Å—å, –ø—Ä–∏—Å–ª–∞–Ω–Ω–∞—è —Å—Ç–æ—Ä–æ–Ω–Ω–∏–∫–∞–º–∏ –∞–∫—Ü–∏–∏ #sundaypaperplane."
2401089,22406,2018-04-29 16:41:44,3999559,"–ó–∞–≤—Ç—Ä–∞ (30 –∞–ø—Ä–µ–ª—è) –≤ 14:00 –≤ –ú–æ—Å–∫–≤–µ –Ω–∞ –ø—Ä–æ—Å–ø–µ–∫—Ç–µ –°–∞—Ö–∞—Ä–æ–≤–∞ —Å–æ—Å—Ç–æ–∏—Ç—Å—è —Å–æ–≥–ª–∞—Å–æ–≤–∞–Ω–Ω—ã–π –º–∏—Ç–∏–Ω–≥ –∑–∞ —Å–≤–æ–±–æ–¥—É –∏–Ω—Ç–µ—Ä–Ω–µ—Ç–∞. –≠—Ç–æ –∏—Å—Ç–æ—Ä–∏—á–µ—Å–∫–∏–π —à–∞–Ω—Å –¥–ª—è –º–æ—Å–∫–≤–∏—á–µ–π –≤—ã—Ä–∞–∑–∏—Ç—å –æ–±—â—É—é –ø–æ–∑–∏—Ü–∏—é. –ü–æ—Å–ª–µ–∑–∞–≤—Ç—Ä–∞ –º–æ–∂–µ—Ç –±—ã—Ç—å —É–∂–µ –ø–æ–∑–¥–Ω–æ.  –ü–æ—Å–ª–µ–¥–Ω–∏–µ 2 –Ω–µ–¥–µ–ª–∏ –º—ã –≤–µ–ª–∏ –Ω–µ—Ä–∞–≤–Ω—ã–π –±–æ–π —Å –∏–Ω—Ç–µ—Ä–Ω–µ—Ç-—Ü–µ–Ω–∑–æ—Ä–æ–º. –ú—ã –¥–µ–ª–∞–ª–∏ —ç—Ç–æ —Ä–∞–¥–∏ –≤–∞—Å ‚Äì –Ω–∞—à–∏—Ö —Ä–æ—Å—Å–∏–π—Å–∫–∏—Ö –ø–æ–ª—å–∑–æ–≤–∞—Ç–µ–ª–µ–π. –û–¥–Ω–∞–∫–æ –±—É–¥—É—â–µ–µ —Ä–æ—Å—Å–∏–π—Å–∫–æ–≥–æ –∏–Ω—Ç–µ—Ä–Ω–µ—Ç–∞ –Ω–∞—Ö–æ–¥–∏—Ç—Å—è, –≤ –∫–æ–Ω–µ—á–Ω–æ–º —Å—á–µ—Ç–µ, –≤ –≤–∞—à–∏—Ö —Ä—É–∫–∞—Ö.   –ö—Ç–æ-—Ç–æ —Å–∫–∞–∂–µ—Ç, —á—Ç–æ –º–∏—Ç–∏–Ω–≥ –Ω–∏—á–µ–≥–æ –Ω–µ –∏–∑–º–µ–Ω–∏—Ç. –≠—Ç–æ –Ω–µ —Ç–∞–∫. –†–æ—Å—Å–∏—è –Ω–∞—Ö–æ–¥–∏—Ç—Å—è –Ω–∞ –ø–µ—Ä–µ–ø—É—Ç—å–µ ‚Äì –ø–æ–ª–Ω–æ–º–∞—Å—à—Ç–∞–±–Ω–∞—è —Ü–µ–Ω–∑—É—Ä–∞ –µ—â–µ –Ω–µ –±—ã–ª–∞ –≤–≤–µ–¥–µ–Ω–∞. –ï—Å–ª–∏ –±–µ–∑–¥–µ–π—Å—Ç–≤–æ–≤–∞—Ç—å, –†–æ—Å—Å–∏—è –ø–æ—Ç–µ—Ä—è–µ—Ç Telegram –∏ –¥—Ä—É–≥–∏–µ –ø–æ–ø—É–ª—è—Ä–Ω—ã–µ —Å–µ—Ä–≤–∏—Å—ã. –í–∞—à–µ –∞–∫—Ç–∏–≤–Ω–æ–µ —É—á–∞—Å—Ç–∏–µ –º–æ–∂–µ—Ç –ø–æ–º–µ–Ω—è—Ç—å —Ö–æ–¥ –∏—Å—Ç–æ—Ä–∏–∏."
2389655,49207,2018-04-27 17:17:39,4949332,https://www.youtube.com/watch?v=FCbPGhUxDiQ (–ø—Ä–∏ –ø—Ä–æ—Å–º–æ—Ç—Ä–µ –Ω—É–∂–Ω–æ –≤–∫–ª—é—á–∏—Ç—å —Ä—É—Å—Å–∫–∏–µ —Å—É–±—Ç–∏—Ç—Ä—ã)
2382822,38754,2018-04-26 19:58:00,6104359,"11-–π –¥–µ–Ω—å –ø—Ä–æ–¥–æ–ª–∂–∞—é—Ç—Å—è –ø–æ–ø—ã—Ç–∫–∏ –±–ª–æ–∫–∏—Ä–æ–≤–∞—Ç—å Telegram –Ω–∞ —Ç–µ—Ä—Ä–∏—Ç–æ—Ä–∏–∏ –†–æ—Å—Å–∏–∏. –ú–Ω–æ–≥–∏–µ —Å–ø—Ä–∞—à–∏–≤–∞—é—Ç, –≤–æ–∑–º–æ–∂–µ–Ω –ª–∏ –±—ã–ª –Ω–µ–∫–∏–π –∫–æ–º–ø—Ä–æ–º–∏—Å—Å. –î—É–º–∞—é, —á—Ç–æ –µ–¥–≤–∞ –ª–∏.  –ö–ª—é—á–∏ –¥–ª—è —Ä–∞—Å—à–∏—Ñ—Ä–æ–≤–∫–∏ –ø–µ—Ä–µ–ø–∏—Å–∫–∏ –≤—Å–µ—Ö —Å–≤–æ–∏—Ö –ø–æ–ª—å–∑–æ–≤–∞—Ç–µ–ª–µ–π –Ω–∏ Telegram, –Ω–∏ –¥—Ä—É–≥–∏–µ –º–µ—Å—Å–µ–Ω–¥–∂–µ—Ä—ã, –Ω–µ –º–æ–≥–ª–∏ –±—ã –≤—ã–¥–∞—Ç—å –ø—Ä–∏ –≤—Å–µ–º –∂–µ–ª–∞–Ω–∏–∏. –≠—Ç–æ –æ–±—É—Å–ª–æ–≤–ª–µ–Ω–æ —Ç–µ—Ö–Ω–∏—á–µ—Å–∫–∏–º–∏ –æ—Å–æ–±–µ–Ω–Ω–æ—Å—Ç—è–º–∏ —à–∏—Ñ—Ä–æ–≤–∞–Ω–∏—è –≤ 2018 –≥–æ–¥—É.  –î–∞–∂–µ –µ—Å–ª–∏ –±—ã –∑–∞–ø—Ä–æ—Å –§–°–ë –æ–≥—Ä–∞–Ω–∏—á–∏–≤–∞–ª—Å—è –ø–æ–º–æ—â—å—é –≤ –ø–æ–∏–º–∫–µ 6 —Ç–µ—Ä—Ä–æ—Ä–∏—Å—Ç–æ–≤, —É—á–∞—Å—Ç–≤–æ–≤–∞–≤—à–∏—Ö –≤ —Ç–µ—Ä–∞–∫—Ç–µ –≤ –ü–µ—Ç–µ—Ä–±—É—Ä–≥–µ, –º—ã –≤—Ä—è–¥ –ª–∏ –º–æ–≥–ª–∏ –±—ã—Ç—å –ø–æ–ª–µ–∑–Ω—ã: —á–∞—Å—Ç—å –∏–Ω—Ç–µ—Ä–µ—Å—É—é—â–∏—Ö –§–°–ë –º–æ–±–∏–ª—å–Ω—ã—Ö –Ω–æ–º–µ—Ä–æ–≤ –Ω–∏–∫–æ–≥–¥–∞ –Ω–µ –∏–º–µ–ª–∏ –∞–∫–∫–∞—É–Ω—Ç–∞ –≤ Telegram, –¥—Ä—É–≥–∞—è –∏—Ö —á–∞—Å—Ç—å –±—ã–ª–∞ –∞–≤—Ç–æ–º–∞—Ç–∏—á–µ—Å–∫–∏ —É–¥–∞–ª–µ–Ω–∞ –∑–∞ –Ω–µ–∞–∫—Ç–∏–≤–Ω–æ—Å—Ç—å—é –µ—â–µ –≤ –ø—Ä–æ—à–ª–æ–º –≥–æ–¥—É.   –í–ø—Ä–æ—á–µ–º, —Å–æ–≥–ª–∞—Å–Ω–æ –º–∞—Ç–µ—Ä–∏–∞–ª–∞–º –¥–µ–ª–∞, —Å—Ç–∞–≤—à–∏–º –¥–æ—Å—Ç—É–ø–Ω—ã–º–∏ Republic.ru –≤ –æ–∫—Ç—è–±—Ä–µ, –¥–ª—è –∫–æ–æ—Ä–¥–∏–Ω–∞—Ü–∏–∏ —Ç–µ—Ä–∞–∫—Ç–∞ –≤ –±–æ–ª—å—à–µ–π —Å—Ç–µ–ø–µ–Ω–∏ –∏—Å–ø–æ–ª—å–∑–æ–≤–∞–ª—Å—è –Ω–µ Telegram, –∞ WhatsApp."
2358781,49001,2018-04-23 02:47:51,6192836,"–≠—Ç—É –Ω–µ–¥–µ–ª—é –º—ã –±–æ—Ä–æ–ª–∏—Å—å –Ω–µ —Å –†–æ—Å–∫–æ–º–Ω–∞–¥–∑–æ—Ä–æ–º –∏–ª–∏ –§–°–ë. –ú—ã –±–æ—Ä–æ–ª–∏—Å—å –∑–∞ —Ü–∏—Ñ—Ä–æ–≤–æ–µ –±—É–¥—É—â–µ–µ –†–æ—Å—Å–∏–∏. –°–≤–æ–±–æ–¥–Ω—ã–π –∏–Ω—Ç–µ—Ä–Ω–µ—Ç –∏ –æ–∫–æ–Ω–µ—á–Ω–æ–µ —à–∏—Ñ—Ä–æ–≤–∞–Ω–∏–µ ‚Äì –Ω–µ–æ—Ç—ä–µ–º–ª–µ–º—ã–µ —á–∞—Å—Ç–∏ —ç—Ç–æ–≥–æ –±—É–¥—É—â–µ–≥–æ.   –ù–∏ –æ–¥–Ω–∞ —Ä–∞–∑–≤–∏—Ç–∞—è —Å—Ç—Ä–∞–Ω–∞ –Ω–µ –±–ª–æ–∫–∏—Ä—É–µ—Ç –º–µ—Å—Å–µ–Ω–¥–∂–µ—Ä—ã –∑–∞ –æ—Ç–∫–∞–∑ –≤—ã–¥–∞—Ç—å —Å–ø–µ—Ü—Å–ª—É–∂–±–∞–º –∫–ª—é—á–∏ —à–∏—Ñ—Ä–æ–≤–∞–Ω–∏—è. –û—Ç–º–µ–Ω–∞ –ø—Ä–∞–≤–∞ –Ω–∞ –∫–æ–Ω—Ñ–∏–¥–µ–Ω—Ü–∏–∞–ª—å–Ω–æ—Å—Ç—å ‚Äì –ª–µ–∫–∞—Ä—Å—Ç–≤–æ, –∫–æ—Ç–æ—Ä–æ–µ –æ–ø–∞—Å–Ω–µ–µ —Å–∞–º–æ–π –±–æ–ª–µ–∑–Ω–∏.   –ö–∞–∫ —Ç–æ–ª—å–∫–æ –Ω–µ–∫–∞—è —Å–ª—É–∂–±–∞ –ø–æ–ª—É—á–∞–µ—Ç –≤–æ–∑–º–æ–∂–Ω–æ—Å—Ç—å –±–µ—Å–∫–æ–Ω—Ç—Ä–æ–ª—å–Ω–æ –º–æ–Ω–∏—Ç–æ—Ä–∏—Ç—å –ª–∏—á–Ω—É—é –ø–µ—Ä–µ–ø–∏—Å–∫—É –≥—Ä–∞–∂–¥–∞–Ω, –æ—á–µ–Ω—å —Å–∫–æ—Ä–æ —ç—Ç–æ—Ç –¥–æ—Å—Ç—É–ø –æ–∫–∞–∑—ã–≤–∞–µ—Ç—Å—è –≤ —Ä—É–∫–∞—Ö —É —Ç—Ä–µ—Ç—å–∏—Ö —Å—Ç–æ—Ä–æ–Ω ‚Äì –≤–∑—è—Ç–∫–æ–¥–∞—Ç–µ–ª–µ–π, —Ö–∞–∫–µ—Ä–æ–≤, –∞–≥–µ–Ω—Ç–æ–≤ –¥—Ä—É–≥–∏—Ö –≥–æ—Å—É–¥–∞—Ä—Å—Ç–≤. –í —Ä–µ–∑—É–ª—å—Ç–∞—Ç–µ —Ç—Ä–µ–±–æ–≤–∞–Ω–∏–µ –ø—Ä–µ–¥–æ—Å—Ç–∞–≤–∏—Ç—å —É–Ω–∏–≤–µ—Ä—Å–∞–ª—å–Ω—ã–µ –ø—É—Ç–∏ –æ–±—Ö–æ–¥–∞ —à–∏—Ñ—Ä–æ–≤–∞–Ω–∏—è —á–µ—Ä–µ–∑ –≤—ã–¥–∞—á—É ‚Äú–∫–ª—é—á–µ–π‚Äù —Å–Ω–∏–∂–∞–µ—Ç –∏–Ω—Ñ–æ—Ä–º–∞—Ü–∏–æ–Ω–Ω—É—é –±–µ–∑–æ–ø–∞—Å–Ω–æ—Å—Ç—å –∫–∞–∫ —ç–ª–∏—Ç, —Ç–∞–∫ –∏ –æ–±—â–µ—Å—Ç–≤–∞ –≤ —Ü–µ–ª–æ–º.  P. S. –ï—Å–ª–∏ —É –í–∞—Å –µ—Å—Ç—å –∏–Ω—Å–∞–π–¥—ã –æ –ø—Ä–∏—á–∏–Ω–∞—Ö, –ø–ª–∞–Ω–∞—Ö –∏ –º–µ—Ç–æ–¥–∞—Ö –±–ª–æ–∫–∏—Ä–æ–≤–∫–∏, —Å–æ–æ–±—â–∞–π—Ç–µ –Ω–∞–º –ø–æ –∞–¥—Ä–µ—Å—É arequest2@gmail.com."
2358485,39391,2018-04-23 02:25:51,8896339,"–û–≥—Ä–æ–º–Ω–æ–µ —Å–ø–∞—Å–∏–±–æ –∂–∏—Ç–µ–ª—è–º –¥–µ—Å—è—Ç–∫–æ–≤ –≥–æ—Ä–æ–¥–æ–≤ –†–æ—Å—Å–∏–∏ –∑–∞ –ø–æ–¥–¥–µ—Ä–∂–∫—É —Å–≤–æ–±–æ–¥–Ω–æ–≥–æ –∏–Ω—Ç–µ—Ä–Ω–µ—Ç–∞.   –í–∏–¥–µ–æ—Ä–æ–ª–∏–∫–∏ —Å –ø—Ä–æ—à–µ–¥—à–µ–π –∞–∫—Ü–∏–∏ –ø—Ä–µ–¥–ª–∞–≥–∞—é –≤—ã–∫–ª–∞–¥—ã–≤–∞—Ç—å –ø–æ–¥ —Ö—ç—à—Ç–µ–≥–æ–º #sundaypaperplane –≤–æ –≤—Å–µ—Ö —Å–æ—Ü—Å–µ—Ç—è—Ö.  –°–ª–µ–¥—É—é—â–∏–π —Ä–∞–∑? –í–æ—Å–∫—Ä–µ—Å–µ–Ω—å–µ, 29 –∞–ø—Ä–µ–ª—è –≤ 19:00 –ø–æ –º–µ—Å—Ç–Ω–æ–º—É –≤—Ä–µ–º–µ–Ω–∏."
2348522,91258,2018-04-22 16:05:46,5939441,"–ú—ã –ø—Ä–æ–¥–µ—Ä–∂–∞–ª–∏—Å—å 7 –¥–Ω–µ–π –ø–æ–¥ —Å–∞–º—ã–º –º–∞—Å—à—Ç–∞–±–Ω—ã–º –∞–∫—Ç–æ–º –∏–Ω—Ç–µ—Ä–Ω–µ—Ç-—Ü–µ–Ω–∑—É—Ä—ã –∑–∞ –∏—Å—Ç–æ—Ä–∏—é –†–æ—Å—Å–∏–∏.  –í—Å–µ—Ö, –∫—Ç–æ –ø–æ–¥–¥–µ—Ä–∂–∏–≤–∞–µ—Ç —Å–≤–æ–±–æ–¥–Ω—ã–π –∏–Ω—Ç–µ—Ä–Ω–µ—Ç, –ø—Ä–∏–∑—ã–≤–∞–µ–º –∑–∞–ø—É—Å—Ç–∏—Ç—å –∏–∑ –æ–∫–Ω–∞ –±—É–º–∞–∂–Ω—ã–π —Å–∞–º–æ–ª–µ—Ç–∏–∫ —Å–µ–≥–æ–¥–Ω—è —Ä–æ–≤–Ω–æ –≤ 7 –≤–µ—á–µ—Ä–∞ –ø–æ –º–µ—Å—Ç–Ω–æ–º—É –≤—Ä–µ–º–µ–Ω–∏.  –ß–µ—Ä–µ–∑ —á–∞—Å –ø–æ—Å–ª–µ –∞–∫—Ü–∏–∏ –∏–º–µ–µ—Ç —Å–º—ã—Å–ª —É—Å—Ç—Ä–æ–∏—Ç—å –Ω–µ–±–æ–ª—å—à–æ–π —Å—É–±–±–æ—Ç–Ω–∏–∫ ‚Äì —Å–æ–±—Ä–∞—Ç—å —Ç–µ —Å–∞–º–æ–ª–µ—Ç–∏–∫–∏, –∫–æ—Ç–æ—Ä—ã–µ –í—ã –Ω–∞–π–¥–µ—Ç–µ —É –í–∞—à–µ–≥–æ –¥–æ–º–∞.   –°–ø–∞—Å–∏–±–æ –∑–∞ –ø–æ–¥–¥–µ—Ä–∂–∫—É. –≠—Ç–∞ –Ω–µ–¥–µ–ª—è –æ—Å—Ç–∞–Ω–µ—Ç—Å—è –≤ –∏—Å—Ç–æ—Ä–∏–∏."
2331162,88784,2018-04-19 17:16:22,6719939,"Telegram –ø—Ä–æ–¥–æ–ª–∂–∞–µ—Ç –æ—Å—Ç–∞–≤–∞—Ç—å—Å—è –¥–æ—Å—Ç—É–ø–Ω—ã–º —Ä–æ—Å—Å–∏–π—Å–∫–∏–º –ø–æ–ª—å–∑–æ–≤–∞—Ç–µ–ª—è–º, –Ω–µ—Å–º–æ—Ç—Ä—è –Ω–∞ –±–ª–æ–∫–∏—Ä–æ–≤–∫—É –≤–ª–∞—Å—Ç—è–º–∏ –†–§ –±–æ–ª–µ–µ 18 –º–∏–ª–ª–∏–æ–Ω–æ–≤ IP-–∞–¥—Ä–µ—Å–æ–≤ –∑–∞ –ø–æ—Å–ª–µ–¥–Ω–∏–µ 4 –¥–Ω—è.   –°–ø–∞—Å–∏–±–æ –≤—Å–µ–º, –∫—Ç–æ —É—á–∞—Å—Ç–≤—É–µ—Ç –≤ –¶–∏—Ñ—Ä–æ–≤–æ–º –°–æ–ø—Ä–æ—Ç–∏–≤–ª–µ–Ω–∏–∏. –í—Å–µ –±–æ–ª—å—à–µ IT-–ø—Ä–µ–¥–ø—Ä–∏–Ω–∏–º–∞—Ç–µ–ª–µ–π, –ø—Ä–æ–≥—Ä–∞–º–º–∏—Å—Ç–æ–≤, —Å–∏—Å—Ç–µ–º–Ω—ã—Ö –∞–¥–º–∏–Ω–∏—Å—Ç—Ä–∞—Ç–æ—Ä–æ–≤ –¥–µ–ª–æ–º –ø–æ–º–æ–≥–∞—é—Ç –æ–±–µ—Å–ø–µ—á–∏–≤–∞—Ç—å –≥–∞—Ä–∞–Ω—Ç–∏—Ä–æ–≤–∞–Ω–Ω—ã–µ –ö–æ–Ω—Å—Ç–∏—Ç—É—Ü–∏–µ–π –ø—Ä–∞–≤–∞ —Ä–æ—Å—Å–∏—è–Ω."
2307813,173187,2018-04-17 16:17:18,8409074,"–°–ø–∞—Å–∏–±–æ –∑–∞ –ø–æ–¥–¥–µ—Ä–∂–∫—É –∏ –ø—Ä–µ–¥–∞–Ω–Ω–æ—Å—Ç—å Telegram ‚Äì –≤–º–µ—Å—Ç–µ –Ω–∞–º —É–¥–∞–ª–æ—Å—å –ø–µ—Ä–µ–∂–∏—Ç—å –ø–µ—Ä–≤—ã–µ 24 —á–∞—Å–∞ –±–ª–æ–∫–∏—Ä–æ–≤–∫–∏.  –ö–∞–∫ –ø–æ–∫–∞–∑–∞–ª–∏ –ø–æ—Å–ª–µ–¥–Ω–∏–µ —Å—É—Ç–∫–∏, –≤ —Å–≤–æ–µ–π –≤–æ–π–Ω–µ —Å –ø—Ä–æ–≥—Ä–µ—Å—Å–æ–º –Ω–∞–¥–∑–æ—Ä–Ω—ã–µ –æ—Ä–≥–∞–Ω—ã –†–æ—Å—Å–∏–∏ –≥–æ—Ç–æ–≤—ã –±–ª–æ–∫–∏—Ä–æ–≤–∞—Ç—å –º–∏–ª–ª–∏–æ–Ω—ã IP-–∞–¥—Ä–µ—Å–æ–≤ –æ–±–ª–∞—á–Ω—ã—Ö —Ö–æ—Å—Ç–∏–Ω–≥–æ–≤, –Ω–µ —Å—á–∏—Ç–∞—è—Å—å —Å –ø–æ—Ç–µ—Ä—è–º–∏ –ø–æ—Å—Ç–æ—Ä–æ–Ω–Ω–∏—Ö –ø—Ä–æ–µ–∫—Ç–æ–≤.   –ü–æ–º–∏–º–æ —ç—Ç–æ–≥–æ, –≤–ª–∞—Å—Ç–∏ –†–æ—Å—Å–∏–∏ –±–æ—Ä—é—Ç—Å—è –∏ —Å –Ω–µ–∑–∞–≤–∏—Å–∏–º—ã–º–∏ —Å–µ—Ä–≤–∏—Å–∞–º–∏ proxy/VPN, –º–Ω–æ–≥–∏–µ –∏–∑ –∫–æ—Ç–æ—Ä—ã—Ö –ø–µ—Ä–µ—Å—Ç–∞—é—Ç —Ä–∞–±–æ—Ç–∞—Ç—å (–µ—Å–ª–∏ —ç—Ç–æ –ø—Ä–æ–∏–∑–æ—à–ª–æ, –æ—Ç–∫–ª—é—á–∏—Ç–µ –ø—Ä–æ–∫—Å–∏ –≤ –Ω–∞—Å—Ç—Ä–æ–π–∫–∞—Ö Telegram –∏ –ø–æ–ø—Ä–æ–±—É–π—Ç–µ –Ω–∞–π—Ç–∏ –¥—Ä—É–≥–æ–π).  –•–æ—Ç—è —Ä–æ—Å—Å–∏–π—Å–∫–∏–π —Ä—ã–Ω–æ–∫ –Ω–µ —Å–æ—Å—Ç–∞–≤–ª—è–µ—Ç —Å—É—â–µ—Å—Ç–≤–µ–Ω–Ω–æ–π –¥–æ–ª–∏ –ø–æ–ª—å–∑–æ–≤–∞—Ç–µ–ª—å—Å–∫–æ–π –±–∞–∑—ã Telegram, –æ–Ω –≤–∞–∂–µ–Ω –Ω–∞–º –ø–æ –ª–∏—á–Ω—ã–º —Å–æ–æ–±—Ä–∞–∂–µ–Ω–∏—è–º.   –í —Ä–∞–º–∫–∞—Ö –¶–∏—Ñ—Ä–æ–≤–æ–≥–æ –°–æ–ø—Ä–æ—Ç–∏–≤–ª–µ–Ω–∏—è ‚Äì –¥–µ—Ü–µ–Ω—Ç—Ä–∞–ª–∏–∑–æ–≤–∞–Ω–Ω–æ–≥–æ –¥–≤–∏–∂–µ–Ω–∏—è –≤ –∑–∞—â–∏—Ç—É —Ü–∏—Ñ—Ä–æ–≤—ã—Ö —Å–≤–æ–±–æ–¥ –∏ –ø—Ä–æ–≥—Ä–µ—Å—Å–∞ ‚Äì —è –Ω–∞—á–∞–ª –≤—ã–ø–ª–∞—á–∏–≤–∞—Ç—å –±–∏—Ç–∫–æ–∏–Ω-–≥—Ä–∞–Ω—Ç—ã –∞–¥–º–∏–Ω–∏—Å—Ç—Ä–∞—Ç–æ—Ä–∞–º proxy –∏ vpn. –í —Ç–µ—á–µ–Ω–∏–µ —ç—Ç–æ–≥–æ –≥–æ–¥–∞ –±—É–¥—É —Ä–∞–¥ –ø–æ–∂–µ—Ä—Ç–≤–æ–≤–∞—Ç—å –º–∏–ª–ª–∏–æ–Ω—ã –¥–æ–ª–ª–∞—Ä–æ–≤ –ª–∏—á–Ω—ã—Ö —Å—Ä–µ–¥—Å—Ç–≤ –Ω–∞ —ç—Ç–∏ —Ü–µ–ª–∏. –ü—Ä–∏–∑—ã–≤–∞—é –≤—Å–µ—Ö –ø—Ä–∏—Å–æ–µ–¥–∏–Ω—è—Ç—å—Å—è –∏ —É—á–∞—Å—Ç–≤–æ–≤–∞—Ç—å ‚Äì –Ω–∞—Å—Ç—Ä–æ–π–∫–æ–π –ø—Ä–æ–∫—Å–∏/vpn —Å–µ—Ä–≤–µ—Ä–æ–≤ –∏–ª–∏ –∏—Ö —Ñ–∏–Ω–∞–Ω—Å–∏—Ä–æ–≤–∞–Ω–∏–µ–º."
2296940,160787,2018-04-16 15:20:33,7968841,"–°–µ–≥–æ–¥–Ω—è —É—Ç—Ä–æ–º –≤–ª–∞—Å—Ç–∏ –†–æ—Å—Å–∏–∏ –Ω–∞—á–∞–ª–∏ –±–ª–æ–∫–∏—Ä–æ–≤–∞—Ç—å Telegram, –ø–æ—ç—Ç–æ–º—É –Ω–∞ –Ω–µ–∫–æ—Ç–æ—Ä—ã—Ö –æ–ø–µ—Ä–∞—Ç–æ—Ä–∞—Ö —Å–≤—è–∑–∏ —Å–µ—Ä–≤–∏—Å –º–æ–∂–µ—Ç —Ä–∞–±–æ—Ç–∞—Ç—å –Ω–µ—Å—Ç–∞–±–∏–ª—å–Ω–æ. –ü–æ—Å–ª–µ–¥—Å—Ç–≤–∏—è –±–ª–æ–∫–∏—Ä–æ–≤–∫–∏:   1. –ö–∞—á–µ—Å—Ç–≤–æ –∂–∏–∑–Ω–∏ 15 –º–∏–ª–ª–∏–æ–Ω–æ–≤ —Ä–æ—Å—Å–∏—è–Ω —É—Ö—É–¥—à–∏—Ç—Å—è, —Ç–∞–∫ –∫–∞–∫ Telegram –±–µ–∑ VPN –º–æ–∂–µ—Ç –±—ã—Ç—å –≤—Ä–µ–º–µ–Ω–∞–º–∏ –Ω–µ–¥–æ—Å—Ç—É–ø–µ–Ω.   2. –¢–µ—Ä—Ä–æ—Ä–∏—Å—Ç–∏—á–µ—Å–∫–∞—è —É–≥—Ä–æ–∑–∞ –≤ –†–æ—Å—Å–∏–∏ –æ—Å—Ç–∞–Ω–µ—Ç—Å—è –Ω–∞ –ø—Ä–µ–∂–Ω–µ–º —É—Ä–æ–≤–Ω–µ, —Ç–∞–∫ –∫–∞–∫ —ç–∫—Å—Ç—Ä–µ–º–∏—Å—Ç—ã –ø—Ä–æ–¥–æ–ª–∂–∞—Ç –ø–æ–ª—å–∑–æ–≤–∞—Ç—å—Å—è —à–∏—Ñ—Ä–æ–≤–∞–Ω–Ω—ã–º–∏ –∫–∞–Ω–∞–ª–∞–º–∏ —Å–≤—è–∑–∏ ‚Äì –≤ –¥—Ä—É–≥–∏—Ö –º–µ—Å—Å–µ–Ω–¥–∂–µ—Ä–∞—Ö, –ª–∏–±–æ —á–µ—Ä–µ–∑ VPN.  3. –ù–∞—Ü–∏–æ–Ω–∞–ª—å–Ω–∞—è –±–µ–∑–æ–ø–∞—Å–Ω–æ—Å—Ç—å –†–æ—Å—Å–∏–∏ —Å–Ω–∏–∑–∏—Ç—Å—è, —Ç–∞–∫ –∫–∞–∫ —á–∞—Å—Ç—å –ª–∏—á–Ω—ã—Ö –¥–∞–Ω–Ω—ã—Ö —Ä–æ—Å—Å–∏—è–Ω –ø–µ—Ä–µ–π–¥–µ—Ç –∏–∑ –Ω–µ–π—Ç—Ä–∞–ª—å–Ω–æ–π –∫ –†–§ –ø–ª–æ—â–∞–¥–∫–∏ –≤ –∫–æ–Ω—Ç—Ä–æ–ª–∏—Ä—É–µ–º—ã–µ –∏–∑ –°–®–ê WhatsApp/Facebook.   –ú—ã —Å—á–∏—Ç–∞–µ–º —Ä–µ—à–µ–Ω–∏–µ –æ –±–ª–æ–∫–∏—Ä–æ–≤–∫–µ –∞–Ω—Ç–∏–∫–æ–Ω—Å—Ç–∏—Ç—É—Ü–∏–æ–Ω–Ω—ã–º –∏ –ø—Ä–æ–¥–æ–ª–∂–∏–º –æ—Ç—Å—Ç–∞–∏–≤–∞—Ç—å –ø—Ä–∞–≤–æ –Ω–∞ —Ç–∞–π–Ω—É –ø–µ—Ä–µ–ø–∏—Å–∫–∏ —Ä–æ—Å—Å–∏—è–Ω. ‚úäüèº"
2285269,107059,2018-04-13 14:34:58,7942050,"–¢–∞–≥–∞–Ω—Å–∫–∏–π —Å—É–¥ –ú–æ—Å–∫–≤—ã –≤—ã–Ω–µ—Å —Ä–µ—à–µ–Ω–∏–µ –æ –±–ª–æ–∫–∏—Ä–æ–≤–∫–µ Telegram –Ω–∞ —Ç–µ—Ä—Ä–∏—Ç–æ—Ä–∏–∏ –†–§. –ß—Ç–æ —Å—Ç–æ–∏—Ç –∏–º–µ—Ç—å –≤ –≤–∏–¥—É –ø–æ–ª—å–∑–æ–≤–∞—Ç–µ–ª—è–º:  1. Telegram –±—É–¥–µ—Ç –∏—Å–ø–æ–ª—å–∑–æ–≤–∞—Ç—å –≤—Å—Ç—Ä–æ–µ–Ω–Ω—ã–µ –º–µ—Ç–æ–¥—ã –æ–±—Ö–æ–¥–∞ –±–ª–æ–∫–∏—Ä–æ–≤–æ–∫, –∫–æ—Ç–æ—Ä—ã–µ –Ω–µ —Ç—Ä–µ–±—É—é—Ç –¥–µ–π—Å—Ç–≤–∏–π –æ—Ç –ø–æ–ª—å–∑–æ–≤–∞—Ç–µ–ª–µ–π, –æ–¥–Ω–∞–∫–æ 100%-–∞—è –¥–æ—Å—Ç—É–ø–Ω–æ—Å—Ç—å —Å–µ—Ä–≤–∏—Å–∞ –±–µ–∑ VPN –Ω–µ –≥–∞—Ä–∞–Ω—Ç–∏—Ä–æ–≤–∞–Ω–∞. 2. –í –ø–µ—Ä–≤—ã–µ —á–∞—Å—ã –±–ª–æ–∫–∏—Ä–æ–≤–∫–∏ —Å—Ç–æ—Ä–æ–Ω–Ω–∏–µ VPN/Proxy-—Å–µ—Ä–≤–∏—Å—ã –º–æ–≥—É—Ç –±—ã—Ç—å –ø–µ—Ä–µ–≥—Ä—É–∂–µ–Ω—ã –∏ —Å –±–æ–ª—å—à–æ–π –≤–µ—Ä–æ—è—Ç–Ω–æ—Å—Ç—å—é –±—É–¥—É—Ç —Ä–∞–±–æ—Ç–∞—Ç—å –º–µ–¥–ª–µ–Ω–Ω–æ. 3. –ù–µ–∑–∞–≤–∏—Å–∏–º–æ –æ—Ç –Ω–∞–ª–∏—á–∏—è –±–ª–æ–∫–∏—Ä–æ–≤–∫–∏, Telegram —Å–æ—Ö—Ä–∞–Ω–∏—Ç –≤–æ–∑–º–æ–∂–Ω–æ—Å—Ç—å —Ü–µ–Ω—Ç—Ä–∞–ª–∏–∑–æ–≤–∞–Ω–Ω–æ —Ä–∞—Å—Å—ã–ª–∞—Ç—å —É–≤–µ–¥–æ–º–ª–µ–Ω–∏—è –≤—Å–µ–º —Ä–æ—Å—Å–∏–π—Å–∫–∏–º –ø–æ–ª—å–∑–æ–≤–∞—Ç–µ–ª—è–º, –∏–Ω—Ñ–æ—Ä–º–∏—Ä—É—è –æ —Ä–∞–∑–≤–∏—Ç–∏–∏ —Å–∏—Ç—É–∞—Ü–∏–∏.   –í–∞–∂–Ω–æ: –Ω–µ —É–¥–∞–ª—è–π—Ç–µ –∏ –Ω–µ –ø–µ—Ä–µ—É—Å—Ç–∞–Ω–∞–≤–ª–∏–≤–∞–π—Ç–µ Telegram –ø—Ä–∏ –≤–æ–∑–Ω–∏–∫–Ω–æ–≤–µ–Ω–∏–∏ –ø—Ä–æ–±–ª–µ–º —Å–æ —Å–≤—è–∑—å—é. –°—Ç–∞—Ä–∞–π—Ç–µ—Å—å —Å–≤–æ–µ–≤—Ä–µ–º–µ–Ω–Ω–æ —Å–∫–∞—á–∏–≤–∞—Ç—å –æ–±–Ω–æ–≤–ª–µ–Ω–∏—è Telegram –≤ AppStore –∏–ª–∏ Google Play.  üí™"
2236210,16600,2018-02-25 12:08:31,3433877,
2083400,42031,2017-10-27 02:04:03,5971653,"–°–æ–≤–µ—Ç–Ω–∏–∫ –ü—Ä–µ–∑–∏–¥–µ–Ω—Ç–∞ –†–æ—Å—Å–∏–∏ –ø–æ –≤–æ–ø—Ä–æ—Å–∞–º —Ä–∞–∑–≤–∏—Ç–∏—è –∏–Ω—Ç–µ—Ä–Ω–µ—Ç–∞ –∑–∞—è–≤–∏–ª –æ —Ç–æ–º, —á—Ç–æ Telegram —è–∫–æ–±—ã –∏–≥–Ω–æ—Ä–∏—Ä—É–µ—Ç –∑–∞–ø—Ä–æ—Å—ã –æ—Ç —Ä–æ—Å—Å–∏–π—Å–∫–∏—Ö –≥–æ—Å—É–¥–∞—Ä—Å—Ç–≤–µ–Ω–Ω—ã—Ö –æ—Ä–≥–∞–Ω–æ–≤, –Ω–æ —Å–æ—Ç—Ä—É–¥–Ω–∏—á–∞–µ—Ç —Å –≤–ª–∞—Å—Ç—è–º–∏ –¥—Ä—É–≥–∏—Ö —Å—Ç—Ä–∞–Ω, –Ω–∞–ø—Ä–∏–º–µ—Ä, –ò–Ω–¥–æ–Ω–µ–∑–∏–∏.  –≠—Ç–æ –Ω–µ —Ç–∞–∫: —É—Ä–æ–≤–µ–Ω—å —Å–æ—Ç—Ä—É–¥–Ω–∏—á–µ—Å—Ç–≤–∞ Telegram —Å –≤–ª–∞—Å—Ç—è–º–∏ –Ω–µ –∑–∞–≤–∏—Å–∏—Ç –æ—Ç —é—Ä–∏—Å–¥–∏–∫—Ü–∏–∏ –∏ –≤–µ–∑–¥–µ —Å—Ç—Ä–æ–∏—Ç—Å—è –Ω–∞ –æ–¥–Ω–∏—Ö –∏ —Ç–µ—Ö –∂–µ –ø—Ä–∏–Ω—Ü–∏–ø–∞—Ö. –í –æ—Ç–ª–∏—á–∏–µ –æ—Ç —Å–≤–æ–∏—Ö —Ä–æ—Å—Å–∏–π—Å–∫–∏—Ö –∫–æ–ª–ª–µ–≥, –∏–Ω–¥–æ–Ω–µ–∑–∏–π—Å–∫–∏–µ –≥–æ—Å—É–¥–∞—Ä—Å—Ç–≤–µ–Ω–Ω—ã–µ —Å–ª—É–∂–±—ã –Ω–µ —Ç—Ä–µ–±–æ–≤–∞–ª–∏ –æ—Ç –Ω–∞—Å –¥–æ—Å—Ç—É–ø–∞ –∫ –ª–∏—á–Ω–æ–π –ø–µ—Ä–µ–ø–∏—Å–∫–µ.    –í–æ –≤—Å–µ–º –º–∏—Ä–µ, –≤–∫–ª—é—á–∞—è –†–æ—Å—Å–∏—é, Telegram –æ–±—Ä–∞–±–∞—Ç—ã–≤–∞–µ—Ç –∑–∞–ø—Ä–æ—Å—ã –Ω–∞ —É–¥–∞–ª–µ–Ω–∏–µ –ø—É–±–ª–∏—á–Ω–æ –¥–æ—Å—Ç—É–ø–Ω–æ–≥–æ –ø—Ä–æ—Ç–∏–≤–æ–ø—Ä–∞–≤–Ω–æ–≥–æ –∫–æ–Ω—Ç–µ–Ω—Ç–∞, —Å–æ–¥–µ—Ä–∂–∞—â–µ–≥–æ –ø—Ä–æ–ø–∞–≥–∞–Ω–¥—É —Ç–µ—Ä—Ä–æ—Ä–∏–∑–º–∞, –¥–µ—Ç—Å–∫—É—é –ø–æ—Ä–Ω–æ–≥—Ä–∞—Ñ–∏—é –∏ —Ç. –¥. –í–º–µ—Å—Ç–µ —Å —Ç–µ–º, –Ω–∏ –≤ –æ–¥–Ω–æ–π —Å—Ç—Ä–∞–Ω–µ –º—ã –Ω–µ –≤—ã–¥–∞–µ–º –ª–∏—á–Ω—ã–µ –¥–∞–Ω–Ω—ã–µ –ø–æ–ª—å–∑–æ–≤–∞—Ç–µ–ª–µ–π –≥–æ—Å—É–¥–∞—Ä—Å—Ç–≤–µ–Ω–Ω—ã–º –æ—Ä–≥–∞–Ω–∞–º.   –•–æ—Ç—è –≤–µ—Å–æ–º–∞—è –¥–æ–ª—è –∞—É–¥–∏—Ç–æ—Ä–∏–∏ Telegram –ø—Ä–∏—Ö–æ–¥–∏—Ç—Å—è –Ω–∞ –±–æ–ª–µ–µ –∫–æ–Ω—Å–µ—Ä–≤–∞—Ç–∏–≤–Ω—ã–µ —Å—Ç—Ä–∞–Ω—ã, —á–µ–º –†–æ—Å—Å–∏—è, —Ç–æ–ª—å–∫–æ –≤ –†–æ—Å—Å–∏–∏ Telegram –±—ã–ª –æ—à—Ç—Ä–∞—Ñ–æ–≤–∞–Ω –∑–∞ –Ω–µ–ø—Ä–µ–¥–æ—Å—Ç–∞–≤–ª–µ–Ω–∏–µ –∫–ª—é—á–µ–π —à–∏—Ñ—Ä–æ–≤–∞–Ω–∏—è —Å–æ–æ–±—â–µ–Ω–∏–π. –≠—Ç–æ –µ–¥–∏–Ω—Å—Ç–≤–µ–Ω–Ω—ã–π –ø–æ–¥–æ–±–Ω—ã–π –ø—Ä–µ—Ü–µ–¥–µ–Ω—Ç –∑–∞ 4 –≥–æ–¥–∞ —Ä–∞–±–æ—Ç—ã Telegram –Ω–∞ –≥–ª–æ–±–∞–ª—å–Ω–æ–º —Ä—ã–Ω–∫–µ."
2065991,38632,2017-10-17 17:02:14,5726616,"–í —Ä–µ–∑—É–ª—å—Ç–∞—Ç–µ –º–æ–µ–≥–æ –≤—á–µ—Ä–∞—à–Ω–µ–≥–æ –æ–±—Ä–∞—â–µ–Ω–∏—è –º—ã –ø–æ–ª—É—á–∏–ª–∏ –æ–∫–æ–ª–æ –¥–≤—É—Ö—Å–æ—Ç –ø—Ä–µ–¥–ª–æ–∂–µ–Ω–∏–π –æ—Ç —é—Ä–∏—Å—Ç–æ–≤, –≥–æ—Ç–æ–≤—ã—Ö –ø—Ä–µ–¥—Å—Ç–∞–≤–ª—è—Ç—å Telegram –≤ –¥–µ–ª–µ –ø—Ä–æ—Ç–∏–≤ –§–°–ë.  –°—Ä–µ–¥–∏ –Ω–∏—Ö ‚Äì –Ω–µ–º–∞–ª–æ –∏–∑–≤–µ—Å—Ç–Ω—ã—Ö –∫–æ–º–∞–Ω–¥ —Å –±–æ–ª—å—à–∏–º –æ–ø—ã—Ç–æ–º. –ü—Ä–∏—è—Ç–Ω–æ, —á—Ç–æ –º–Ω–æ–≥–∏–µ –≥–æ—Ç–æ–≤—ã –∑–∞—â–∏—â–∞—Ç—å Telegram –∏ –ø—Ä–∞–≤–æ –Ω–∞ —Ç–∞–π–Ω—É –ø–µ—Ä–µ–ø–∏—Å–∫–∏ –±–µ–∑–≤–æ–∑–º–µ–∑–¥–Ω–æ, –ø–æ –∏–¥–µ–π–Ω—ã–º —Å–æ–æ–±—Ä–∞–∂–µ–Ω–∏—è–º.  –ë–ª–∞–≥–æ–¥–∞—Ä—é –≤—Å–µ—Ö –∑–∞ —Ç–∞–∫–æ–π –∂–∏–≤–æ–π –æ—Ç–∫–ª–∏–∫. –Ø —Ä–µ—à–∏–ª –ø—Ä–∏–Ω—è—Ç—å –ø—Ä–µ–¥–ª–æ–∂–µ–Ω–∏–µ –ü–∞–≤–ª–∞ –ß–∏–∫–æ–≤–∞, —Ä—É–∫–æ–≤–æ–¥–∏—Ç–µ–ª—è –º–µ–∂–¥—É–Ω–∞—Ä–æ–¥–Ω–æ–π –ø—Ä–∞–≤–æ–∑–∞—â–∏—Ç–Ω–æ–π –æ—Ä–≥–∞–Ω–∏–∑–∞—Ü–∏–∏ ‚Äú–ê–≥–æ—Ä–∞‚Äù.   ‚Äú–ê–≥–æ—Ä–∞‚Äù ‚Äì –∫–æ–º–∞–Ω–¥–∞ –∏–∑ 30 –∞–¥–≤–æ–∫–∞—Ç–æ–≤, –∫–æ—Ç–æ—Ä—ã–µ —Å –Ω–∞—á–∞–ª–∞ 2000—Ö –∑–∞—â–∏—â–∞—é—Ç –ø—Ä–∞–≤–∞ —á–µ–ª–æ–≤–µ–∫–∞ –≤ –†–æ—Å—Å–∏–∏. –û–Ω–∏ –∏–º–µ—é—Ç –æ–ø—ã—Ç –≤ –¥–µ–ª–∞—Ö –ø—Ä–æ—Ç–∏–≤ –§–°–ë –∏ –µ–∂–µ–≥–æ–¥–Ω–æ –ø—É–±–ª–∏–∫—É—é—Ç –¥–æ–∫–ª–∞–¥—ã –æ —Å–≤–æ–±–æ–¥–µ –∏–Ω—Ç–µ—Ä–Ω–µ—Ç–∞ –≤ –†–æ—Å—Å–∏–∏ https://meduza.io/static/0001/Agora_Report_2017_Internet.pdf –∏ —Å–ª–µ–∂–∫–µ –∑–∞ –∏–Ω—Ç–µ—Ä–Ω–µ—Ç-–ø–æ–ª—å–∑–æ–≤–∞—Ç–µ–ª—è–º–∏ https://republic.ru/uploads/–†–æ—Å—Å–∏—è-–ø–æ–¥-–Ω–∞–±–ª—é–¥–µ–Ω–∏–µ–º-2017_final%20(1).pdf.  –£–≤–µ—Ä–µ–Ω, —á—Ç–æ –∫–æ–º–∞–Ω–¥–∞ –ü–∞–≤–ª–∞ —Å–º–æ–∂–µ—Ç —É—Å–ø–µ—à–Ω–æ –ø—Ä–µ–¥—Å—Ç–∞–≤–ª—è—Ç—å Telegram –≤ —Ä–æ—Å—Å–∏–π—Å–∫–∏—Ö —Å—É–¥–∞—Ö, –∑–∞—â–∏—â–∞—è –ø—Ä–∞–≤–æ —Ä–æ—Å—Å–∏—è–Ω –Ω–∞ —Ç–∞–π–Ω—É –ª–∏—á–Ω–æ–π –ø–µ—Ä–µ–ø–∏—Å–∫–∏. –°–ø–∞—Å–∏–±–æ –ü–∞–≤–ª—É ‚Äì –∏ –≤—Å–µ–º –æ—Å—Ç–∞–ª—å–Ω—ã–º, –∫—Ç–æ –æ—Ç–∫–ª–∏–∫–Ω—É–ª—Å—è."
2061401,39695,2017-10-16 14:06:47,4971844,"C–µ–≥–æ–¥–Ω—è –ú–µ—â–∞–Ω—Å–∫–∏–π —Å—É–¥ –ú–æ—Å–∫–≤—ã –æ—à—Ç—Ä–∞—Ñ–æ–≤–∞–ª Telegram Messenger LLP –Ω–∞ 800 —Ç—ã—Å—è—á —Ä—É–±–ª–µ–π –∑–∞ –Ω–µ–ø—Ä–µ–¥–æ—Å—Ç–∞–≤–ª–µ–Ω–∏–µ –≤ –§–°–ë –¥–æ—Å—Ç—É–ø–∞ –∫ –ø–µ—Ä–µ–ø–∏—Å–∫–µ (‚Äú–∫–ª—é—á–µ–π –¥–µ—à–∏—Ñ—Ä–æ–≤–∫–∏‚Äù) –ø–æ–ª—å–∑–æ–≤–∞—Ç–µ–ª–µ–π Telegram.   –ü–æ–º–∏–º–æ —Ç–æ–≥–æ, —á—Ç–æ —Ç—Ä–µ–±–æ–≤–∞–Ω–∏—è –§–°–ë –Ω–µ—Ä–µ–∞–ª–∏–∑—É–µ–º—ã —Ç–µ—Ö–Ω–∏—á–µ—Å–∫–∏, –æ–Ω–∏ –ø—Ä–æ—Ç–∏–≤–æ—Ä–µ—á–∞—Ç 23 —Å—Ç–∞—Ç—å–µ –ö–æ–Ω—Å—Ç–∏—Ç—É—Ü–∏–∏ –†–§: ""–ö–∞–∂–¥—ã–π –∏–º–µ–µ—Ç –ø—Ä–∞–≤–æ –Ω–∞ —Ç–∞–π–Ω—É –ø–µ—Ä–µ–ø–∏—Å–∫–∏, —Ç–µ–ª–µ—Ñ–æ–Ω–Ω—ã—Ö –ø–µ—Ä–µ–≥–æ–≤–æ—Ä–æ–≤, –ø–æ—á—Ç–æ–≤—ã—Ö, —Ç–µ–ª–µ–≥—Ä–∞—Ñ–Ω—ã—Ö –∏ –∏–Ω—ã—Ö —Å–æ–æ–±—â–µ–Ω–∏–π.""  –ö–æ–Ω—Å—Ç–∏—Ç—É—Ü–∏—è ‚Äì –æ—Å–Ω–æ–≤–Ω–æ–π –∑–∞–∫–æ–Ω –†–æ—Å—Å–∏–∏, –∫–æ—Ç–æ—Ä—ã–π –∏–º–µ–µ—Ç –ø—Ä—è–º–æ–µ –¥–µ–π—Å—Ç–≤–∏–µ –∏ —Å—Ç–æ–∏—Ç –≤—ã—à–µ –¥—Ä—É–≥–∏—Ö —É—Ç–æ—á–Ω—è—é—â–∏—Ö –µ–µ –∑–∞–∫–æ–Ω–æ–≤.  –°—Ç—Ä–µ–º–ª–µ–Ω–∏–µ –§–°–ë –ø–æ–ª—É—á–∏—Ç—å –¥–æ—Å—Ç—É–ø –∫ –ª–∏—á–Ω–æ–π –ø–µ—Ä–µ–ø–∏—Å–∫–µ —è–≤–ª—è–µ—Ç—Å—è –ø–æ–ø—ã—Ç–∫–æ–π —Ä–∞—Å—à–∏—Ä–∏—Ç—å —Å–≤–æ–µ –≤–ª–∏—è–Ω–∏–µ –∑–∞ —Å—á–µ—Ç –∫–æ–Ω—Å—Ç–∏—Ç—É—Ü–∏–æ–Ω–Ω–æ–≥–æ –ø—Ä–∞–≤–∞ –≥—Ä–∞–∂–¥–∞–Ω. –°–µ–≥–æ–¥–Ω—è—à–Ω–µ–µ —Ä–µ—à–µ–Ω–∏–µ –ú–µ—â–∞–Ω—Å–∫–æ–≥–æ —Å—É–¥–∞ –º–æ–∂–µ—Ç –±—ã—Ç—å –æ–±–∂–∞–ª–æ–≤–∞–Ω–æ –¥–æ —Ç–µ—Ö –ø–æ—Ä, –ø–æ–∫–∞ –∏—Å–∫ –§–°–ë –Ω–µ –±—É–¥–µ—Ç —Ä–∞—Å—Å–º–æ—Ç—Ä–µ–Ω —Å—É–¥—å–µ–π, –∑–Ω–∞–∫–æ–º—ã–º —Å –æ—Å–Ω–æ–≤–Ω—ã–º –∑–∞–∫–æ–Ω–æ–º –†–æ—Å—Å–∏–∏ ‚Äì –µ–µ –ö–æ–Ω—Å—Ç–∏—Ç—É—Ü–∏–µ–π.  –Æ—Ä–∏—Å—Ç–æ–≤, –∫–æ—Ç–æ—Ä—ã–µ —Ö–æ—Ç–µ–ª–∏ –±—ã —ç—Ç–∏–º –∑–∞–Ω—è—Ç—å—Å—è, –ø—Ä–æ—Å–∏–º —Å–≤—è–∑–∞—Ç—å—Å—è —Å –Ω–∞–º–∏ –ø–æ –∞–¥—Ä–µ—Å—É info@telegram.org. –í —Ç–µ—á–µ–Ω–∏–µ –ø–∞—Ä—ã –¥–Ω–µ–π –≤—ã–±–µ—Ä–µ–º –∫–æ–º–∞–Ω–¥—É, –∫–æ—Ç–æ—Ä–∞—è –∏–º–µ–µ—Ç –º–∞–∫—Å–∏–º–∞–ª—å–Ω—ã–π –æ–ø—ã—Ç –≤ —Ç–∞–∫–æ–≥–æ —Ä–æ–¥–∞ –¥–µ–ª–∞—Ö."
2048795,32252,2017-10-10 23:59:10,4215731,"–°–ø–∞—Å–∏–±–æ –≤—Å–µ–º, –∫—Ç–æ –ø–æ–∑–¥—Ä–∞–≤–∏–ª —Å 33-–ª–µ—Ç–∏–µ–º. –í–æ –≤—Ä–µ–º–µ–Ω–∞ —É–ø—Ä–∞–≤–ª–µ–Ω–∏—è –í–ö–æ–Ω—Ç–∞–∫—Ç–µ —è –ª—é–±–∏–ª –º–∞—Å—à—Ç–∞–±–Ω–æ –æ—Ç–º–µ—Ç–∏—Ç—å 10 –æ–∫—Ç—è–±—Ä—è, —Ç–∞–∫ –∫–∞–∫ —ç—Ç–æ—Ç –¥–µ–Ω—å –±—ã–ª –µ—â–µ –∏ –≥–æ–¥–æ–≤—â–∏–Ω–æ–π –æ—Å–Ω–æ–≤–∞–Ω–∏—è –∫–æ–º–ø–∞–Ω–∏–∏.  –ü–æ—Å–ª–µ —É—Ö–æ–¥–∞ –∏–∑ –í–ö –±–æ–ª—å—à–æ–≥–æ –ø–æ–≤–æ–¥–∞ —Å–æ–±–∏—Ä–∞—Ç—å –≥–æ—Å—Ç–µ–π —É–∂–µ –Ω–µ—Ç, –ø–æ—ç—Ç–æ–º—É –ø–æ—Å–ª–µ–¥–Ω–∏–µ –ø–∞—Ä—É –ª–µ—Ç —è —É—Ö–æ–∂—É –æ—Ç –∫–ª–∞—Å—Å–∏—á–µ—Å–∫–æ–≥–æ –ø—Ä–∞–∑–¥–Ω–æ–≤–∞–Ω–∏—è –¥–Ω—è —Ä–æ–∂–¥–µ–Ω–∏—è, —Ñ–æ–∫—É—Å–∏—Ä—É—è—Å—å –Ω–∞ —Ä–∞–±–æ—á–∏—Ö –ø—Ä–æ—Ü–µ—Å—Å–∞—Ö.   –¢–∞–∫ –±—ã–ª–æ –≤ –ø—Ä–æ—à–ª–æ–º –≥–æ–¥—É, –∫–æ–≥–¥–∞ –º—ã —Å —Ä–∞–∑—Ä–∞–±–æ—Ç—á–∏–∫–∞–º–∏ —É–µ–¥–∏–Ω–∏–ª–∏—Å—å –≤ –±—ã–≤—à–µ–º –º—É–∂—Å–∫–æ–º –º–æ–Ω–∞—Å—Ç—ã—Ä–µ –¥–ª—è –ø—Ä–æ–¥—É–∫—Ç–æ–≤–æ–≥–æ –º–∞—Ä—à-–±—Ä–æ—Å–∫–∞. –°—Ö–æ–∂–∏–º –æ–±—Ä–∞–∑–æ–º –≤—ã—à–ª–æ –∏ –≤ —ç—Ç–æ–º –≥–æ–¥—É. C–µ–≥–æ–¥–Ω—è –º—ã –∑–∞–ø—É—Å–∫–∞–ª–∏ –æ–±–Ω–æ–≤–ª–µ–Ω–∏–µ Telegram ‚Äì –≤–µ—Ä—Å–∏—é 4.4 —Å —Ç—Ä–∞–Ω—Å–ª—è—Ü–∏–µ–π –≥–µ–æ–ø–æ–∑–∏—Ü–∏–∏ –≤ —Ä–µ–∞–ª—å–Ω–æ–º –≤—Ä–µ–º–µ–Ω–∏, –Ω–æ–≤—ã–º –º—É–∑—ã–∫–∞–ª—å–Ω—ã–º –ø–ª–µ–µ—Ä–æ–º –∏ –ø–æ–¥–¥–µ—Ä–∂–∫–æ–π –Ω–µ—Å–∫–æ–ª—å–∫–∏—Ö –Ω–æ–≤—ã—Ö —è–∑—ã–∫–æ–≤.  –í —á–∞—Å—Ç–Ω–æ—Å—Ç–∏, –∏–Ω—Ç–µ—Ä—Ñ–µ–π—Å Telegram —Ç–µ–ø–µ—Ä—å –¥–æ—Å—Ç—É–ø–µ–Ω –Ω–∞ —Ä—É—Å—Å–∫–æ–º –∏ —É–∫—Ä–∞–∏–Ω—Å–∫–æ–º. –≠—Ç–æ —Å—Ç–∞–ª–æ –≤–æ–∑–º–æ–∂–Ω—ã–º –±–ª–∞–≥–æ–¥–∞—Ä—è –Ω–∞—à–µ–π –Ω–æ–≤–æ–π –ø–ª–∞—Ç—Ñ–æ—Ä–º–µ translations.telegram.org, –∫–æ—Ç–æ—Ä–∞—è –ø–æ–∑–≤–æ–ª—è–µ—Ç –≤—Å–µ–º –∂–µ–ª–∞—é—â–∏–º —Å–æ–≤–º–µ—Å—Ç–Ω–æ —Ä–∞–±–æ—Ç–∞—Ç—å –Ω–∞–¥ –ø–µ—Ä–µ–≤–æ–¥–æ–º –∏–Ω—Ç–µ—Ä—Ñ–µ–π—Å–∞ Telegram –Ω–∞ –¥—Ä—É–≥–∏–µ —è–∑—ã–∫–∏ ‚Äì –∏ –º–æ–º–µ–Ω—Ç–∞–ª—å–Ω–æ –ø—Ä–∏–º–µ–Ω—è—Ç—å –∏–∑–º–µ–Ω–µ–Ω–∏—è.  –¢–∞–∫–∏–º –æ–±—Ä–∞–∑–æ–º, —Å–µ–≥–æ–¥–Ω—è —Ä–æ–¥–∏–ª—Å—è ‚Äú—Ä—É—Å—Å–∫–∏–π‚Äù (–∞ —Ç–∞–∫–∂–µ —É–∫—Ä–∞–∏–Ω—Å–∫–∏–π, —Ñ—Ä–∞–Ω—Ü—É–∑—Å–∫–∏–π, –∏–Ω–¥–æ–Ω–µ–∑–∏–π—Å–∫–∏–π –∏ –º–∞–ª–∞–π—Å–∫–∏–π) Telegram. –ß–µ—Ä–µ–∑ –≥–æ–¥ —É–∂–µ –±—É–¥–µ—Ç, —á—Ç–æ –æ—Ç–º–µ—Ç–∏—Ç—å."
2040762,115504,2017-10-10 02:00:10,9160579,"7 –≤–µ—â–µ–π, –æ—Ç –∫–æ—Ç–æ—Ä—ã—Ö —è –æ—Ç–∫–∞–∑–∞–ª—Å—è –º–Ω–æ–≥–æ –ª–µ—Ç –Ω–∞–∑–∞–¥, ‚Äì –∏ –æ—Ç –∫–æ—Ç–æ—Ä—ã—Ö —Ä–µ–∫–æ–º–µ–Ω–¥—É—é –æ—Ç–∫–∞–∑–∞—Ç—å—Å—è –≤—Å–µ–º, –∫—Ç–æ –∑–∞–Ω–∏–º–∞–µ—Ç—Å—è —Å–æ–∑–∏–¥–∞–Ω–∏–µ–º:  1) –ê–ª–∫–æ–≥–æ–ª—å. 2) –ú—è—Å–æ –∂–∏–≤–æ—Ç–Ω—ã—Ö. 3) –¢–∞–±–ª–µ—Ç–∫–∏ –∏ –ª—é–±—ã–µ –ø—Ä–æ–¥—É–∫—Ç—ã —Ñ–∞—Ä–º–∞—Ü–µ–≤—Ç–∏–∫–∏. 4) –ù–∏–∫–æ—Ç–∏–Ω –∏ –¥—Ä—É–≥–∏–µ –Ω–∞—Ä–∫–æ—Ç–∏—á–µ—Å–∫–∏–µ –≤–µ—â–µ—Å—Ç–≤–∞. 5) –ö–æ—Ñ–µ, —á–µ—Ä–Ω—ã–π –∏ –∑–µ–ª–µ–Ω—ã–π —á–∞–π, —ç–Ω–µ—Ä–≥–µ—Ç–∏–∫–∏. 6) –§–∞—Å—Ç-—Ñ—É–¥, —Å–∞—Ö–∞—Ä, –≥–∞–∑–∏—Ä–æ–≤–∞–Ω–Ω—ã–µ –Ω–∞–ø–∏—Ç–∫–∏. 7) –¢–µ–ª–µ–≤–∏–¥–µ–Ω–∏–µ –∏ –µ–≥–æ –∞–Ω–∞–ª–æ–≥–∏.  –ö–æ–≥–¥–∞-–Ω–∏–±—É–¥—å —è –ø–æ–¥—Ä–æ–±–Ω–æ –æ–ø–∏—à—É –ø—Ä–∏—á–∏–Ω—ã –æ—Ç–∫–∞–∑–∞ –æ—Ç –∫–∞–∂–¥–æ–≥–æ –∏–∑ —ç—Ç–∏—Ö –ø—É–Ω–∫—Ç–æ–≤. –ï—Å–ª–∏ –∫–æ—Ä–æ—Ç–∫–æ: –≤—Å–µ –æ–Ω–∏ –≤—ã–∑—ã–≤–∞—é—Ç –ø—Ä–∏–≤—ã–∫–∞–Ω–∏–µ –∏ –≤–ª–∏—è—é—Ç –Ω–∞ —Å–æ–∑–Ω–∞–Ω–∏–µ.   –ù–µ–∫–æ—Ç–æ—Ä—ã–µ –º–æ–ª–æ–¥—ã–µ –ª—é–¥–∏ —á—É–≤—Å—Ç–≤—É—é—Ç –Ω–µ–æ–±—Ö–æ–¥–∏–º–æ—Å—Ç—å –≤–µ—Å—Ç–∏ –∑–¥–æ—Ä–æ–≤—ã–π –æ–±—Ä–∞–∑ –∂–∏–∑–Ω–∏, –Ω–æ –ª–æ–º–∞—é—Ç—Å—è –ø–æ–¥ –¥–∞–≤–ª–µ–Ω–∏–µ–º —Å–æ—Ü–∏—É–º–∞. –ò–º –≥–æ–≤–æ—Ä—è—Ç: ‚Äú–¢–∞–∫ –ø—Ä–∏–Ω—è—Ç–æ‚Äù, ‚Äú–ò–Ω–∞—á–µ –Ω–µ–ª—å–∑—è‚Äù, ‚Äú–≠—Ç–æ –Ω–µ—É–≤–∞–∂–µ–Ω–∏–µ‚Äù.  –Ø –ø–∏—à—É —ç—Ç–æ, —á—Ç–æ–±—ã –ø–æ–∫–∞–∑–∞—Ç—å: ‚Äú—Ç–∞–∫‚Äù –º–æ–∂–Ω–æ. –ï—Å–ª–∏ –í—ã –æ—â—É—â–∞–µ—Ç–µ, —á—Ç–æ —ç—Ç–æ—Ç –ø—É—Ç—å ‚Äì –ø—Ä–∞–≤–∏–ª—å–Ω—ã–π, –∏–≥–Ω–æ—Ä–∏—Ä—É–π—Ç–µ –í–∞—à–µ –æ–∫—Ä—É–∂–µ–Ω–∏–µ.   –û–±—â–µ—Å—Ç–≤–æ, —Ç—Ä–∞–¥–∏—Ü–∏–∏ –∫–æ—Ç–æ—Ä–æ–≥–æ –ø–æ—Å—Ç—Ä–æ–µ–Ω—ã –Ω–∞ —Å–∞–º–æ–æ—Ç—Ä–∞–≤–ª–µ–Ω–∏–∏, –Ω–µ –∏–º–µ–µ—Ç –±—É–¥—É—â–µ–≥–æ. –ú—ã –≤–ø–æ–ª–Ω–µ –º–æ–∂–µ–º —Å—Ç—Ä–æ–∏—Ç—å –Ω–∞—à—É –∂–∏–∑–Ω—å –∏ –Ω–∞—à –º–∏—Ä –Ω–∞ –¥—Ä—É–≥–∏—Ö —Ü–µ–Ω–Ω–æ—Å—Ç—è—Ö ‚Äì —Ü–µ–Ω–Ω–æ—Å—Ç—è—Ö —Å–æ–∑–∏–¥–∞–Ω–∏—è, —Å–∞–º–æ—Ä–∞–∑–≤–∏—Ç–∏—è –∏ —Ç—Ä—É–¥–æ–ª—é–±–∏—è."
2037108,22892,2017-10-08 21:50:06,4623312,"–°–æ–≥–ª–∞—Å–µ–Ω —Å –Æ—Ä–∏–µ–º: —Ä—É—Å—Å–∫–∏–µ —Ç–µ—Ö–Ω–æ–ª–æ–≥–∏–∏ ‚Äì –ª—É—á—à–∏–µ. –ñ–∞–ª—å, —á—Ç–æ –∏–∑-–∑–∞ –Ω–µ–ø—Ä–æ–¥—É–º–∞–Ω–Ω—ã—Ö –∑–∞–∫–æ–Ω–æ–≤ —Ä—É—Å—Å–∫–æ–µ –Ω–µ –≤—Å–µ–≥–¥–∞ –∫–æ–Ω–≤–µ—Ä—Ç–∏—Ä—É–µ—Ç—Å—è –≤ —Ä–æ—Å—Å–∏–π—Å–∫–æ–µ.   –ü–æ–∫–∞ –Ω–∞ –ª–æ–∫–∞–ª—å–Ω–æ–º —É—Ä–æ–≤–Ω–µ –±—É–¥—É—Ç —Å—É—â–µ—Å—Ç–≤–æ–≤–∞—Ç—å –æ–≥—Ä–∞–Ω–∏—á–µ–Ω–∏—è –∏ —Ä–∏—Å–∫–∏, –±–∏–∑–Ω–µ—Å –±—É–¥–µ—Ç —É—Ö–æ–¥–∏—Ç—å –≤ —Ç–µ —é—Ä–∏—Å–¥–∏–∫—Ü–∏–∏, –≥–¥–µ –∏—Ö –Ω–µ—Ç. –ù–∞–¥–µ—é—Å—å, –∫–æ–≥–¥–∞-–Ω–∏–±—É–¥—å —ç—Ç–∏ –æ–≥—Ä–∞–Ω–∏—á–µ–Ω–∏—è –±—É–¥—É—Ç —Å–Ω—è—Ç—ã, –∏ –†–æ—Å—Å–∏—è —Å–º–æ–∂–µ—Ç –∑–∞–Ω—è—Ç—å –≤ –º–∏—Ä–µ —Å–≤–æ–µ –ø–æ–¥–æ–±–∞—é—â–µ–µ –º–µ—Å—Ç–æ ‚Äì –º–µ—Å—Ç–æ –≥–ª–æ–±–∞–ª—å–Ω–æ–≥–æ —Ç–µ—Ö–Ω–æ–ª–æ–≥–∏—á–µ—Å–∫–æ–≥–æ –ª–∏–¥–µ—Ä–∞."
2020494,34091,2017-09-30 04:31:45,5862187,"–ù–µ –∑–∞—Å—Ç–∞–≤–∏–ª —Å–µ–±—è –¥–æ–ª–≥–æ –∂–¥–∞—Ç—å –ø—Ä–∏–º–µ—Ä ""–Ω–µ—Ç–æ—á–Ω–æ–≥–æ –ø–µ—Ä–µ–≤–æ–¥–∞"" –º–æ–∏—Ö —Å–æ–æ–±—â–µ–Ω–∏–π —Ä–æ—Å—Å–∏–π—Å–∫–∏–º–∏ –°–ú–ò. –í—á–µ—Ä–∞ –≤ —Å–≤–æ–µ–º –∞–Ω–≥–ª–æ—è–∑—ã—á–Ω–æ–º –∫–∞–Ω–∞–ª–µ —è —Ä–∞—Å—Å–∫–∞–∑–∞–ª –æ —Ç–æ–º, —á—Ç–æ Telegram –ø—Ä–æ–¥–æ–ª–∂–∏—Ç –ø—Ä–µ–¥–æ—Å—Ç–∞–≤–ª—è—Ç—å —Å–µ—Ä–≤–∏—Å –±–µ–∑–æ–ø–∞—Å–Ω–æ–≥–æ –æ–±—â–µ–Ω–∏—è –Ω–∞ –ø—Ä–æ–±–ª–µ–º–Ω—ã—Ö —Ä—ã–Ω–∫–∞—Ö –≤—Ä–æ–¥–µ –†–æ—Å—Å–∏–∏ –∏ –ò—Ä–∞–Ω–∞, –Ω–µ—Å–º–æ—Ç—Ä—è –Ω–∞ –¥–∞–≤–ª–µ–Ω–∏–µ —Ä–µ–≥—É–ª—è—Ç–æ—Ä–æ–≤ –∏ —É–≥—Ä–æ–∑—É –±–ª–æ–∫–∏—Ä–æ–≤–∫–∏ (""we‚Äôll continue providing secure messaging to users in these markets..."").   –ê –≤ –ø—è—Ç–Ω–∏—Ü—É —É—Ç—Ä–æ–º —Ä–æ—Å—Å–∏–π—Å–∫–∏–µ –°–ú–ò –≤—ã—à–ª–∏ —Å –ø—Ä—è–º–æ –ø—Ä–æ—Ç–∏–≤–æ–ø–æ–ª–æ–∂–Ω—ã–º–∏ –∑–∞–≥–æ–ª–æ–≤–∫–∞–º–∏: ""–î—É—Ä–æ–≤ —Å–æ–æ–±—â–∏–ª –æ –≥–æ—Ç–æ–≤–Ω–æ—Å—Ç–∏ –∑–∞–∫—Ä—ã—Ç—å Telegram"", ""–î—É—Ä–æ–≤ –ø—Ä–∏–≥—Ä–æ–∑–∏–ª –∑–∞–∫—Ä—ã—Ç—å Telegram –≤ –†–æ—Å—Å–∏–∏"", ""–ü–∞–≤–µ–ª –î—É—Ä–æ–≤ –ø—Ä–∏–≥—Ä–æ–∑–∏–ª –æ—Å—Ç–∞–≤–∏—Ç—å –†–æ—Å—Å–∏—é –±–µ–∑ Telegram"" ‚Äì –∏ —Ç–æ–º—É –ø–æ–¥–æ–±–Ω—ã–µ –ø—Ä–∏–º–µ—Ä—ã –¥–µ–∑–∏–Ω—Ñ–æ—Ä–º–∞—Ü–∏–∏.   –î—É–º–∞—é, —ç—Ç–∞ —Å–∏—Ç—É–∞—Ü–∏—è –∫–æ—Å–≤–µ–Ω–Ω–æ –ø–æ–∫–∞–∑—ã–≤–∞–µ—Ç, –∫–∞–∫–∏–µ –∏–∑ —Ä—É—Å—Å–∫–æ—è–∑—ã—á–Ω—ã—Ö –°–ú–ò –∑–∞—Å–ª—É–∂–∏–≤–∞—é—Ç –¥–æ–≤–µ—Ä–∏—è, –∞ –∫–∞–∫–∏–µ —Å—Ç–æ–∏—Ç –∏–∑–±–µ–≥–∞—Ç—å. –û—Ç–º–µ—á—É –Ω–µ–∫–æ—Ç–æ—Ä—ã–µ –∏–∑–¥–∞–Ω–∏—è, –∫–æ—Ç–æ—Ä—ã–µ –≤—ã—à–ª–∏ —Å –∫–æ—Ä—Ä–µ–∫—Ç–Ω—ã–º–∏ –∑–∞–≥–æ–ª–æ–≤–∫–∞–º–∏: Meduza (""–î—É—Ä–æ–≤ –ø–æ–æ–±–µ—â–∞–ª –æ–±–µ—Å–ø–µ—á–∏—Ç—å –ø–æ–ª—å–∑–æ–≤–∞—Ç–µ–ª—è–º –≤ –†–æ—Å—Å–∏–∏ –∏ –ò—Ä–∞–Ω–µ –∑–∞—â–∏—â–µ–Ω–Ω—ã–π –¥–æ—Å—Ç—É–ø –≤ Telegram""), –í–µ–¥–æ–º–æ—Å—Ç–∏ (""–î—É—Ä–æ–≤ –Ω–∞–∑–≤–∞–ª –±–µ—Å–ø–µ—Ä—Å–ø–µ–∫—Ç–∏–≤–Ω—ã–º–∏ —É–≥—Ä–æ–∑—ã –≤–ª–∞—Å—Ç–µ–π –†–æ—Å—Å–∏–∏ –∏ –ò—Ä–∞–Ω–∞""), –î–ü (""–î—É—Ä–æ–≤ –≤ –æ—Ç–≤–µ—Ç –Ω–∞ –ø—Ä–µ—Ç–µ–Ω–∑–∏–∏ –§–°–ë –ø–æ–æ–±–µ—â–∞–ª –∑–∞—â–∏—Ç–∏—Ç—å –∞–Ω–æ–Ω–∏–º–Ω–æ—Å—Ç—å –ø–æ–ª—å–∑–æ–≤–∞—Ç–µ–ª–µ–π –≤ –†–æ—Å—Å–∏–∏"").   –¢—â–∞—Ç–µ–ª—å–Ω–æ –≤—ã–±–∏—Ä–∞–π—Ç–µ –∏—Å—Ç–æ—á–Ω–∏–∫–∏ –Ω–æ–≤–æ—Å—Ç–µ–π ‚Äì –∏–Ω—Ç–µ–Ω—Å–∏–≤–Ω–æ—Å—Ç—å –∏–Ω—Ñ–æ—Ä–º–∞—Ü–∏–æ–Ω–Ω–æ–π –≤–æ–π–Ω—ã –±—É–¥–µ—Ç —Ç–æ–ª—å–∫–æ –Ω–∞—Ä–∞—Å—Ç–∞—Ç—å."
2017834,7267,2017-09-28 22:48:30,3176948,"–†–æ—Å—Å–∏–π—Å–∫–∏–µ –°–ú–ò —á–∞—Å—Ç–æ —Ü–∏—Ç–∏—Ä—É—é—Ç –Ω–µ—Ç–æ—á–Ω—ã–µ –ø–µ—Ä–µ–≤–æ–¥—ã —Ç–æ–≥–æ, —á—Ç–æ —è –ø—É–±–ª–∏–∫—É—é –≤ –¢–≤–∏—Ç—Ç–µ—Ä–µ –∏ —Å–≤–æ–µ–º –∫–∞–Ω–∞–ª–µ. –ï—Å–ª–∏ –í—ã –∑–Ω–∞–µ—Ç–µ –∞–Ω–≥–ª–∏–π—Å–∫–∏–π –∏ –í–∞–º –∏–Ω—Ç–µ—Ä–µ—Å–Ω–æ —á–∏—Ç–∞—Ç—å –æ—Ä–∏–≥–∏–Ω–∞–ª—ã –º–æ–∏—Ö –ø–æ—Å—Ç–æ–≤, –µ—Å—Ç—å —Å–º—ã—Å–ª –ø–æ–¥–ø–∏—Å–∞—Ç—å—Å—è –Ω–∞ –º–æ–π –∫–∞–Ω–∞–ª ‚Äì http://t.me/durov"
2013203,27052,2017-09-27 00:50:22,4931944,"–°–µ–≥–æ–¥–Ω—è –ò—Ä–∞–Ω –æ—Ñ–∏—Ü–∏–∞–ª—å–Ω–æ –≤—ã–±—ã–ª –∏–∑ —á–∏—Å–ª–∞ —Å—Ç—Ä–∞–Ω, –∫–æ—Ç–æ—Ä—ã–µ —è –º–æ–≥—É –ø–æ—Å–µ—â–∞—Ç—å, ‚Äì –ø—Ä–æ–∫—É—Ä–æ—Ä –¢–µ–≥–µ—Ä–∞–Ω–∞ –∑–∞–≤–µ–ª —Ç–∞–º –Ω–∞ –º–µ–Ω—è —É–≥–æ–ª–æ–≤–Ω–æ–µ –¥–µ–ª–æ. –¢–µ–ª–µ–≥—Ä–∞–º–æ–º –≤ –ò—Ä–∞–Ω–µ –ø–æ–ª—å–∑—É–µ—Ç—Å—è –±–æ–ª–µ–µ 40 –º–∏–ª–ª–∏–æ–Ω–æ–≤ —á–µ–ª–æ–≤–µ–∫, –∏ –∑–∞ –≤—Å–µ –≥–æ–¥—ã —Ä–∞–±–æ—Ç—ã –º—ã –Ω–µ –∑–∞–±–ª–æ–∫–∏—Ä–æ–≤–∞–ª–∏ –Ω–∏ –æ–¥–∏–Ω –ø–æ–ª–∏—Ç–∏—á–µ—Å–∫–∏–π –∫–∞–Ω–∞–ª –∏ –Ω–µ –≤—ã–¥–∞–ª–∏ –≤–ª–∞—Å—Ç—è–º –Ω–∏ –±–∞–π—Ç–∞ –ª–∏—á–Ω—ã—Ö –¥–∞–Ω–Ω—ã—Ö.   –í –†–æ—Å—Å–∏–∏ —É Telegram —É–∂–µ –æ–∫–æ–ª–æ 10 –º–∏–ª–ª–∏–æ–Ω–æ–≤ –ø–æ–ª—å–∑–æ–≤–∞—Ç–µ–ª–µ–π, –∏ —Å—Ç—Ä–∞–Ω–∞, –ø–æ—Ö–æ–∂–µ, —Å–ø–µ—à–∏—Ç –ø—Ä–∏—Å–æ–µ–¥–∏–Ω–∏—Ç—å—Å—è –∫ –ò—Ä–∞–Ω—É –≤ –≤–æ–ø—Ä–æ—Å–µ –∑–∞–≤–µ–¥–µ–Ω–∏—è –¥–µ–ª –Ω–∞ —Ä—É–∫–æ–≤–æ–¥—Å—Ç–≤–æ Telegram. –ò–∑-–∑–∞ –Ω–µ–≤—ã–ø–æ–ª–Ω–µ–Ω–∏—è –∞–Ω—Ç–∏–∫–æ–Ω—Å—Ç–∏—Ç—É—Ü–∏–æ–Ω–Ω–æ–≥–æ –∑–∞–∫–æ–Ω–∞ –Ø—Ä–æ–≤–æ–π –§–°–ë —Å–æ—Å—Ç–∞–≤–ª—è–µ—Ç –Ω–∞ –Ω–∞—Å –∞–¥–º–∏–Ω–∏—Å—Ç—Ä–∞—Ç–∏–≤–Ω—ã–µ –ø—Ä–æ—Ç–æ–∫–æ–ª—ã, –∫–æ—Ç–æ—Ä—ã–µ, –∫–∞–∫ —Å—á–∏—Ç–∞—é—Ç —é—Ä–∏—Å—Ç—ã, –Ω–µ–∏–∑–±–µ–∂–Ω–æ –ø—Ä–∏–≤–æ–¥—è—Ç –∫ —Å—É–¥–µ–±–Ω—ã–º –ø—Ä–æ—Ü–µ—Å—Å–∞–º. –ù–∏–∂–µ ‚Äì –¥–æ–∫—É–º–µ–Ω—Ç—ã, –∫–æ—Ç–æ—Ä—ã–µ –≤ –ø–æ—Å–ª–µ–¥–Ω–∏–µ –Ω–µ–¥–µ–ª–∏ —à–ª—é—Ç –∏–∑ –†–æ—Å—Å–∏–∏ –≤ –Ω–∞—à –ª–æ–Ω–¥–æ–Ω—Å–∫–∏–π –æ—Ñ–∏—Å.  –û—Ç—Å—É—Ç—Å—Ç–≤–∏–µ –≤–æ–∑–º–æ–∂–Ω–æ—Å—Ç–∏ –∏–∑—Ä–µ–¥–∫–∞ –ø–æ—Å–µ—â–∞—Ç—å –†–æ—Å—Å–∏—é –¥–ª—è –º–µ–Ω—è –±–æ–ª–µ–µ –±–æ–ª–µ–∑–Ω–µ–Ω–Ω–æ, —á–µ–º –Ω–µ–≤—ä–µ–∑–¥ –≤ –ò—Ä–∞–Ω, ‚Äì –ø—Ä–µ–∂–¥–µ –≤—Å–µ–≥–æ, –∏–∑-–∑–∞ —Ä–æ–¥–∏—Ç–µ–ª–µ–π. –ù–æ –ø–µ—Ä–µ–∂–∏–≤–µ–º ‚Äì –≥–ª–æ–±—É—Å –±–æ–ª—å—à–æ–π."
2004359,8616,2017-09-22 11:36:58,3477311,"–ü–æ—Å–ª–µ–¥–Ω–∏–µ –¥–Ω–∏ —Ä–æ—Å—Å–∏–π—Å–∫–∏–µ –°–ú–ò –æ–±—Å—É–∂–¥–∞—é—Ç –∑–∞—è–≤–ª–µ–Ω–∏–µ –Ω–∞—à–µ–≥–æ –±—ã–≤—à–µ–≥–æ –∫–æ–ª–ª–µ–≥–∏ –ø–æ –í–ö–æ–Ω—Ç–∞–∫—Ç–µ –ê–Ω—Ç–æ–Ω–∞ –†–æ–∑–µ–Ω–±–µ—Ä–≥–∞, –∫–æ—Ç–æ—Ä—ã–π –≤ —Ç–µ—á–µ–Ω–∏–µ –Ω–µ—Å–∫–æ–ª—å–∫–∏—Ö –º–µ—Å—è—Ü–µ–≤ –±–æ—Ä–æ–ª—Å—è —Å–æ —Å–ø–∞–º–æ–º –≤ –∫–æ–º–ø–∞–Ω–∏–∏-–ø–æ–¥—Ä—è–¥—á–∏–∫–µ Telegram ‚Äî —Ä–æ—Å—Å–∏–π—Å–∫–æ–º –û–û–û ‚Äú–¢–µ–ª–µ–≥—Ä–∞—Ñ‚Äù (—ç—Ç–æ–π –∫–æ–º–ø–∞–Ω–∏–∏ –¥–æ –∏—é–ª—è 2017 –º—ã –∞—É—Ç—Å–æ—Ä—Å–∏–ª–∏ —Ä–∞–∑–±–æ—Ä —Å–ø–∞–º–∞).   –†–æ–∑–µ–Ω–±–µ—Ä–≥ –≤—ã—Å—Ç—É–ø–∏–ª —Å —Å—é—Ä—Ä–µ–∞–ª–∏—Å—Ç–∏—á–Ω–æ–π –∏—Å—Ç–æ—Ä–∏–µ–π –æ —Ç–æ–º, –∫–∞–∫ –ø–æ—Ç–µ—Ä—è–ª —Ä–∞–±–æ—Ç—É –∏–∑-–∑–∞ –º–æ–µ–≥–æ –±—Ä–∞—Ç–∞ –ù–∏–∫–æ–ª–∞—è, –∞ –û–û–û ‚Äú–¢–µ–ª–µ–≥—Ä–∞—Ñ‚Äù —Ç—Ä–µ–±–æ–≤–∞–ª —É –Ω–µ–≥–æ ‚Äú100 –º–∏–ª–ª–∏–æ–Ω–æ–≤‚Äù —Ä—É–±–ª–µ–π. –ì–ª–∞–≤–Ω—ã–π —É—á–∞—Å—Ç–Ω–∏–∫ –∫–æ–Ω—Ñ–ª–∏–∫—Ç–∞, –¥–∏—Ä–µ–∫—Ç–æ—Ä –û–û–û ‚Äú–¢–µ–ª–µ–≥—Ä–∞—Ñ‚Äù –ê–ª–µ–∫—Å–∞–Ω–¥—Ä –°—Ç–µ–ø–∞–Ω–æ–≤ —Å–µ–≥–æ–¥–Ω—è –ø—Ä–µ–¥—Å—Ç–∞–≤–∏–ª ‚Äú–±–∞—Ç—Ç–ª –ø–æ —Ñ–∞–∫—Ç–∞–º‚Äù, –æ–ø—Ä–æ–≤–µ—Ä–≥–Ω—É–≤ –∫–∞–∂–¥–æ–µ –∏–∑ —Å–¥–µ–ª–∞–Ω–Ω—ã—Ö –†–æ–∑–µ–Ω–±–µ—Ä–≥–æ–º —É—Ç–≤–µ—Ä–∂–¥–µ–Ω–∏–π —Å –ø–æ–º–æ—â—å—é –¥–æ–∫—É–º–µ–Ω—Ç–æ–≤ –∏ —Ö—Ä–æ–Ω–∏–∫–∏ —Å–æ–±—ã—Ç–∏–π.   –í–∫—Ä–∞—Ç—Ü–µ: —ç—Ç–æ –Ω–µ –¢–µ–ª–µ–≥—Ä–∞—Ñ —Ç—Ä–µ–±–æ–≤–∞–ª —É –†–æ–∑–µ–Ω–±–µ—Ä–≥–∞ 100 –º–∏–ª–ª–∏–æ–Ω–æ–≤ —Ä—É–±–ª–µ–π, –∞ –†–æ–∑–µ–Ω–±–µ—Ä–≥ —É –¢–µ–ª–µ–≥—Ä–∞—Ñ–∞ ‚Äì 30 –º–∏–ª–ª–∏–æ–Ω–æ–≤. –ò –æ–Ω –Ω–µ –ø–æ—Ç–µ—Ä—è–ª —Ä–∞–±–æ—Ç—É –∏–∑-–∑–∞ –º–æ–µ–≥–æ –±—Ä–∞—Ç–∞ –ù–∏–∫–æ–ª–∞—è, –∞ –Ω–∞–ø—Ä–æ—Ç–∏–≤ ‚Äì –ø–æ–ª—É—á–∏–ª –µ–µ, –±–ª–∞–≥–æ–¥–∞—Ä—è –µ–º—É.   –û–±—â–µ–µ –æ–ø–∏—Å–∞–Ω–∏–µ: http://telegra.ph/Realnyj-Kot-Durova-09-21 –î–æ–∫—É–º–µ–Ω—Ç—ã –∏ –¥–µ—Ç–∞–ª–∏: http://telegra.ph/Dokumenty-razoblachayushchie-zayavleniya-A-Rozenberga-09-21"
2000922,14950,2017-09-20 17:24:11,3168656,"–ü–æ Telegram-–∫–∞–Ω–∞–ª–∞–º —Ö–æ–¥–∏—Ç —Å–∫–∞–Ω –º–æ–µ–≥–æ –ø–∞—Å–ø–æ—Ä—Ç–∞ –°–µ–Ω—Ç-–ö–∏—Ç—Å –∏ –ù–µ–≤–∏—Å, –∫–æ—Ç–æ—Ä—ã–π —è –ø–æ–ª—É—á–∏–ª –≤–µ—Å–Ω–æ–π 2013 –≥–æ–¥–∞ –Ω–∞ —Ñ–æ–Ω–µ –∏–∑–≤–µ—Å—Ç–Ω—ã—Ö –ø—Ä–æ–±–ª–µ–º –≤ –†–æ—Å—Å–∏–∏.   –Ø –Ω–µ —Ä–∞–∑ —Ä–∞—Å—Å–∫–∞–∑—ã–≤–∞–ª –ø—Ä–æ –Ω–∞–ª–∏—á–∏–µ —É –º–µ–Ω—è –ø–∞—Å–ø–æ—Ä—Ç–∞ —ç—Ç–æ–≥–æ –≥–æ—Å—É–¥–∞—Ä—Å—Ç–≤–∞ –≤ –∏–Ω—Ç–µ—Ä–≤—å—é –∑–∞–ø–∞–¥–Ω—ã–º –∏–∑–¥–∞–Ω–∏—è–º (Financial Times, Fortune –∏ —Ç.–¥.). –° —Ç–µ—Ö –ø–æ—Ä –≤ –≥—Ä–∞—Ñ–µ ‚Äú–≥—Ä–∞–∂–¥–∞–Ω—Å—Ç–≤–æ‚Äù –≤ –í–∏–∫–∏–ø–µ–¥–∏–∏ –∏–º–µ—é –¥–≤–æ–π–Ω–æ–µ ‚ÄúRussian, Kittitian‚Äù. –í–µ—â—å —É–¥–æ–±–Ω–∞—è, —Ç–∞–∫ –∫–∞–∫ –ø–æ–∑–≤–æ–ª—è–µ—Ç –ø—É—Ç–µ—à–µ—Å—Ç–≤–æ–≤–∞—Ç—å –≤ –ï–° –∏ –í–µ–ª–∏–∫–æ–±—Ä–∏—Ç–∞–Ω–∏–∏ –±–µ–∑ –≤–∏–∑.   –ü—Ä–∏ —ç—Ç–æ–º –≤ —Å–∞–º–æ–º –°–µ–Ω—Ç-–ö–∏—Ç—Å–µ —è –Ω–∏–∫–æ–≥–¥–∞ –Ω–µ –±—ã–ª - –ø–∞—Å–ø–æ—Ä—Ç –º–æ–∂–Ω–æ –ø–æ–ª—É—á–∏—Ç—å, –Ω–µ –ø–æ–∫–∏–¥–∞—è –ï–≤—Ä–æ–ø—É. –ü–æ—ç—Ç–æ–º—É –∫–æ–≥–¥–∞ –∏—Ç–∞–ª—å—è–Ω—Å–∫–∞—è Reppublica –≤ 2014 –≥–æ–¥—É —É—Ç–æ—á–Ω–∏–ª–∞, –ø—Ä–∞–≤–¥–∞ –ª–∏, —á—Ç–æ —è –ø–µ—Ä–µ–µ—Ö–∞–ª –Ω–∞ –°–µ–Ω—Ç-–ö–∏—Ç—Å, —è –æ—Ç–≤–µ—Ç–∏–ª, —á—Ç–æ –Ω–∏–∫–æ–≥–¥–∞ —Ç–∞–º –Ω–µ –±—ã–ª –∏ –Ω–µ –ø–ª–∞–Ω–∏—Ä—É—é –±—ã–≤–∞—Ç—å. –ù–µ–∫–æ—Ç–æ—Ä—ã–µ —Ä–æ—Å—Å–∏–π—Å–∫–∏–µ –°–ú–ò, –Ω–µ –±—É–¥—É—á–∏ –≤ –ª–∞–¥–∞—Ö —Å –∏—Ç–∞–ª—å—è–Ω—Å–∫–∏–º, —Ç–æ–≥–¥–∞ –æ–ø—É–±–ª–∏–∫–æ–≤–∞–ª–∏ –Ω–æ–≤–æ—Å—Ç—å –æ —Ç–æ–º, —á—Ç–æ ‚Äú–î—É—Ä–æ–≤ –æ–ø—Ä–æ–≤–µ—Ä–≥ –ø–æ–ª—É—á–µ–Ω–∏—è –≥—Ä–∞–∂–¥–∞–Ω—Å—Ç–≤–∞ –°–µ–Ω—Ç-–ö–∏—Ç—Å‚Äù, —á—Ç–æ –±—ã–ª–æ –Ω–µ–∫–æ—Ä—Ä–µ–∫—Ç–Ω–æ.  –ü–∞—Å–ø–æ—Ä—Ç —Å —Ç–µ—Ö –ø–æ—Ä —É–∂–µ –æ–±–Ω–æ–≤–∏–ª (–Ω–∞ –ø–µ—Ä–≤–æ–º –∫–æ–Ω—á–∏–ª–∏—Å—å —Å—Ç—Ä–∞–Ω–∏—Ü—ã), —Ç–∞–∫ —á—Ç–æ —Ä–∞—Å–ø—Ä–æ—Å—Ç—Ä–∞–Ω–µ–Ω–∏–µ —ç—Ç–æ–≥–æ —Å–∫–∞–Ω–∞ –≤—Ä–µ–¥–∞ –Ω–µ –Ω–µ—Å–µ—Ç.  #–∑–∞–º–µ—Ç–∫–∏_–∏–∑_–∂–∏–∑–Ω–∏"
1977330,59606,2017-09-05 18:38:54,4072690,"–†–æ—Å–∫–æ–º–Ω–∞–¥–∑–æ—Ä –ø—Ä–µ–¥–ø–∏—Å–∞–ª –∑–∞–±–ª–æ–∫–∏—Ä–æ–≤–∞—Ç—å —Ä–æ–ª–∏–∫ [club52418283|–ù–µ–º–∞–≥–∏–∏] –æ–± –æ–ø–∞—Å–Ω–æ—Å—Ç—è—Ö –∫—Ä–µ–¥–∏—Ç–Ω–æ–≥–æ —Ä–∞–±—Å—Ç–≤–∞, –≥–¥–µ [id230504964|–ú–∏—Ö–∞–∏–ª] –∏ [id70107957|–ê–ª–µ–∫—Å–µ–π] —Ä–∞—Å—Å–∫–∞–∑—ã–≤–∞—é—Ç –æ –≥—Ä–∞–Ω–∏—á–∞—â–∏—Ö —Å –º–æ—à–µ–Ω–Ω–∏—á–µ—Å—Ç–≤–æ–º –º–µ—Ç–æ–¥–∞—Ö —Ä–∞–±–æ—Ç—ã –æ–¥–Ω–æ–≥–æ –∏–∑ –±–∞–Ω–∫–æ–≤. –ú–æ–∂–Ω–æ —Å–æ–≥–ª–∞—à–∞—Ç—å—Å—è –∏–ª–∏ –Ω–µ —Å–æ–≥–ª–∞—à–∞—Ç—å—Å—è —Å –º–∞–Ω–µ—Ä–æ–π –ø–æ–¥–∞—á–∏ –±–ª–æ–≥–µ—Ä–æ–≤, –Ω–æ –∏—Ö –ø—Ä–∞–≤–æ –≤—ã—Ä–∞–∂–∞—Ç—å —Å–≤–æ–µ –º–Ω–µ–Ω–∏–µ —Å–≤—è—â–µ–Ω–Ω–æ.  –ü–æ—ç—Ç–æ–º—É –≤–¥–∞—Ä–∏–º –ø–æ –∑–∞–ø—Ä–µ—Ç—É –º–∞–∫—Å–∏–º–∞–ª—å–Ω—ã–º —Ä–µ–ø–æ—Å—Ç–æ–º —Ä–æ–ª–∏–∫–∞.   –ó–∞–æ–¥–Ω–æ –í–∞—à —Ä–µ–ø–æ—Å—Ç –ø–æ–º–æ–∂–µ—Ç –∫–æ–º—É-–Ω–∏–±—É–¥—å –∏–∑–±–µ–∂–∞—Ç—å –∫—Ä–µ–¥–∏—Ç–Ω–æ–≥–æ —è—Ä–º–∞.   https://www.youtube.com/watch?v=Y3hNyPKuEUU"
1967550,8277,2017-08-29 16:42:32,2721974,"–ù–µ–±–æ–ª—å—à–æ–π –∫–æ–Ω–∫—É—Ä—Å –¥–ª—è —Ç–µ—Ö, –∫—Ç–æ —Ö–æ—á–µ—Ç –ø—Ä–∏—Å–æ–µ–¥–∏–Ω–∏—Ç—å—Å—è –∫ –∫–æ–º–∞–Ω–¥–µ Telegram –Ω–∞ –ø–æ–∑–∏—Ü–∏—é —É–¥–∞–ª–µ–Ω–Ω–æ–≥–æ —Ç–µ—Å—Ç–µ—Ä–∞ / QA. –í–æ–∑—Ä–∞—Å—Ç –∏–ª–∏ –æ–ø—ã—Ç –∑–Ω–∞—á–µ–Ω–∏—è –Ω–µ –∏–º–µ—é—Ç, –Ω–æ –ø–æ–Ω–∞–¥–æ–±–∏—Ç—Å—è –∑–Ω–∞–Ω–∏–µ –∞–Ω–≥–ª–∏–π—Å–∫–æ–≥–æ —è–∑—ã–∫–∞.   –ó–∞–¥–∞—á–∞ ‚Äì –Ω–∞–π—Ç–∏ –∏ –æ–ø–∏—Å–∞—Ç—å —Ç—Ä–∏ –±–∞–≥–∞ –≤ –º–æ–±–∏–ª—å–Ω—ã—Ö –ø—Ä–∏–ª–æ–∂–µ–Ω–∏—è—Ö Telegram –ø–æ–¥ iOS –∏–ª–∏ Android, –∞ —Ç–∞–∫–∂–µ –ø—Ä–µ–¥–ª–æ–∂–∏—Ç—å —Ç—Ä–∏ –Ω–µ–±–æ–ª—å—à–∏—Ö, –Ω–æ –ø–æ–ª–µ–∑–Ω—ã—Ö –Ω–æ–≤–æ–≤–≤–µ–¥–µ–Ω–∏—è –¥–ª—è –º–æ–±–∏–ª—å–Ω—ã—Ö –ø—Ä–∏–ª–æ–∂–µ–Ω–∏–π Telegram –ø–æ–¥ iOS –∏–ª–∏ Android. –≠—Ç–∏ —Ç—Ä–∏ –±–∞–≥–∞ –∏ —Ç—Ä–∏ –Ω–æ–≤–æ–≤–≤–µ–¥–µ–Ω–∏—è –Ω—É–∂–Ω–æ —Å–Ω–∞–±–¥–∏—Ç—å —Å–∫—Ä–∏–Ω—à–æ—Ç–∞–º–∏ / –º–∞–∫–µ—Ç–∞–º–∏ –∏ –æ–ø–∏—Å–∞—Ç—å –Ω–∞ –∞–Ω–≥–ª–∏–π—Å–∫–æ–º —è–∑—ã–∫–µ –Ω–∞ –æ–¥–Ω–æ–π —Å—Ç—Ä–∞–Ω–∏—Ü–µ –≤ telegra.ph (t.me/telegraph). –°—Å—ã–ª–∫—É –Ω–∞ –ø–æ–ª—É—á–∏–≤—à—É—é—Å—è —Å—Ç—Ä–∞–Ω–∏—Ü—É –Ω—É–∂–Ω–æ –æ—Ç–ø—Ä–∞–≤–∏—Ç—å –±–æ—Ç—É ContestBot (t.me/contestbot).  –ü—Ä–∏–µ–º —Ä–∞–±–æ—Ç –∑–∞–≤–µ—Ä—à–∏—Ç—Å—è –≤ –ø–æ–ª–Ω–æ—á—å —Å 5 –ø–æ 6 —Å–µ–Ω—Ç—è–±—Ä—è. –î–µ–Ω–µ–∂–Ω—ã—Ö –ø—Ä–∏–∑–æ–≤ –≤ —ç—Ç–æ—Ç —Ä–∞–∑ –Ω–µ –±—É–¥–µ—Ç, —á—Ç–æ–±—ã –æ—Ç—Å–µ—á—å –Ω–µ—Ü–µ–ª–µ–≤—É—é –∞–∫—Ç–∏–≤–Ω–æ—Å—Ç—å. –ü—Ä–∏–∑ ‚Äì –≤–æ–∑–º–æ–∂–Ω–æ—Å—Ç—å –≤–º–µ—Å—Ç–µ —Ä–∞–±–æ—Ç–∞—Ç—å –Ω–∞–¥ —É–ª—É—á—à–µ–Ω–∏–µ–º Telegram. –° –ø–æ–±–µ–¥–∏—Ç–µ–ª—è–º–∏ —Å–≤—è–∂—É—Å—å 8-–æ–≥–æ —Å–µ–Ω—Ç—è–±—Ä—è."
1964197,30215,2017-08-28 14:37:34,2772372,"–ù–µ —Å–æ–≤—Å–µ–º –ø–æ–Ω–∏–º–∞—é —Å—Ç—Ä–µ–º–ª–µ–Ω–∏–µ —Ä–æ—Å—Å–∏–π—Å–∫–∏—Ö —á–∏–Ω–æ–≤–Ω–∏–∫–æ–≤ –æ–≥—Ä–∞–Ω–∏—á–∏—Ç—å –ø–æ–∫—É–ø–∫—É –±–∏—Ç–∫–æ–∏–Ω–æ–≤. –í–ø–µ—Ä–≤—ã–µ –∑–∞ 70 –ª–µ—Ç —É –º–∏—Ä–æ–≤–æ–π —Ñ–∏–Ω–∞–Ω—Å–æ–≤–æ–π —Å–∏—Å—Ç–µ–º—ã –ø–æ—è–≤–∏–ª—Å—è —à–∞–Ω—Å –≤—ã–π—Ç–∏ –∏–∑-–ø–æ–¥ –≥–µ–≥–µ–º–æ–Ω–∏–∏ –°–®–ê, –∫–æ—Ç–æ—Ä—ã–µ –≤ —Å–≤–æ–µ –≤—Ä–µ–º—è –Ω–∞–≤—è–∑–∞–ª–∏ –≤—Å–µ–º—É –º–∏—Ä—É —Å–≤–æ—é –Ω–∞—Ü–∏–æ–Ω–∞–ª—å–Ω—É—é –≤–∞–ª—é—Ç—É –≤ –∫–∞—á–µ—Å—Ç–≤–µ —Ä–µ–∑–µ—Ä–≤–Ω–æ–π –∏ —Å —Ç–µ—Ö –ø–æ—Ä –ø–æ —Å—É—Ç–∏ —Å–æ–±–∏—Ä–∞—é—Ç –¥–∞–Ω—å —Å–æ –≤—Å–µ—Ö —Å—Ç—Ä–∞–Ω, —Ä–∞—Å–ø–ª–∞—á–∏–≤–∞—è—Å—å –ø–æ —Å–≤–æ–∏–º –¥–æ–ª–≥–∞–º –±–µ—Å–∫–æ–Ω–µ—á–Ω–æ —à—Ç–∞–º–ø—É–µ–º—ã–º–∏ –¥–æ–ª–ª–∞—Ä–∞–º–∏ –∏ —Å–∫—É–ø–∞—è –Ω–∞ –Ω–∏—Ö –∞–∫—Ç–∏–≤—ã –ø–æ –≤—Å–µ–º—É –º–∏—Ä—É.   –ò –≤–º–µ—Å—Ç–æ —Ç–æ–≥–æ, —á—Ç–æ–±—ã —É—Ö–≤–∞—Ç–∏—Ç—å—Å—è –∑–∞ —à–∞–Ω—Å —Å–¥–µ–ª–∞—Ç—å –º–∏—Ä –±–æ–ª–µ–µ —Å–±–∞–ª–∞–Ω—Å–∏—Ä–æ–≤–∞–Ω–Ω—ã–º –∏ –≤–º–µ—Å—Ç–µ —Å –Ø–ø–æ–Ω–∏–µ–π –∏ –¥—Ä—É–≥–∏–º–∏ –∞–∑–∏–∞—Ç—Å–∫–∏–º–∏ —Å—Ç—Ä–∞–Ω–∞–º–∏ –ø—Ä–∏–∑–Ω–∞—Ç—å —Å—Ç–∞—Ç—É—Å –Ω–æ–≤—ã—Ö —Ü–∏—Ñ—Ä–æ–≤—ã—Ö –≤–∞–ª—é—Ç, –∏–¥—É—â–∏—Ö –Ω–∞ —Å–º–µ–Ω—É –¥–æ–ª–ª–∞—Ä—É, –∏–∑ —Ä–æ—Å—Å–∏–π—Å–∫–æ–≥–æ –ø—Ä–∞–≤–∏—Ç–µ–ª—å—Å—Ç–≤–∞ —Å–ª—ã—à–Ω—ã –≥–æ–ª–æ—Å–∞ ‚Äú–¥–∞–≤–∞–π—Ç–µ –∑–∞–ø—Ä–µ—Ç–∏–º –∏ –æ–≥—Ä–∞–Ω–∏—á–∏–º‚Äù. –°–æ–∑–¥–∞–µ—Ç—Å—è –≤–ø–µ—á–∞—Ç–ª–µ–Ω–∏–µ, —á—Ç–æ —ç—Ç–æ –±–∏—Ç–∫–æ–∏–Ω –Ω–∞–∫–ª–∞–¥—ã–≤–∞–µ—Ç –Ω–∞ –†–æ—Å—Å–∏—é —Å–∞–Ω–∫—Ü–∏–∏.   http://www.rbc.ru/business/28/08/2017/59a3cd869a7947835e1300d1"
1936565,31371,2017-08-15 17:30:22,2706469,#PutinShirtlessChallenge https://www.instagram.com/p/BXyV-HiF-pR
1922952,19294,2017-08-09 23:12:57,2488583,
1885933,27477,2017-07-13 22:48:04,2846712,"–í –ø–∞–º—è—Ç—å –æ–± –ê–Ω—Ç–æ–Ω–µ –ù–æ—Å–∏–∫–µ —è –±—É–¥—É –ø—É–±–ª–∏–∫–æ–≤–∞—Ç—å –∑–¥–µ—Å—å –≤—ã–¥–µ—Ä–∂–∫–∏ –∏–∑ –µ–≥–æ –ø–æ—Å–ª–µ–¥–Ω–∏—Ö –∏–Ω—Ç–µ—Ä–≤—å—é.  ""–£ [–í. –ü—É—Ç–∏–Ω–∞] –±—ã–ª–∞ —Å–æ–≤–µ—Ä—à–µ–Ω–Ω–æ —á–µ—Ç–∫–∞—è –∫–æ–Ω—Ü–µ–ø—Ü–∏—è –∏–Ω—Ç–µ—Ä–Ω–µ—Ç–∞ –∫–∞–∫ –º–µ—Å—Ç–∞, –≥–¥–µ –ª—é–¥–∏ –≤—ã–ø—É—Å–∫–∞—é—Ç –ø–∞—Ä. –†–∞–¥–∏ –ë–æ–≥–∞! –ù–∞–º –∏–Ω—Ç–µ—Ä–µ—Å–Ω–æ —Ç–µ–ª–µ–≤–∏–¥–µ–Ω–∏–µ, –Ω–∞–º –∏–Ω—Ç–µ—Ä–µ—Å–Ω–æ —Ä–∞–¥–∏–æ, –∏–Ω—Ç–µ—Ä–µ—Å–Ω–æ —É–ø—Ä–∞–≤–ª–µ–Ω–∏–µ –º–∞—Å—Å–∞–º–∏ —á–µ—Ä–µ–∑ –ø—Ä–µ—Å—Å—É. –ê –≤ –∏–Ω—Ç–µ—Ä–Ω–µ—Ç–µ –ø—É—Å—Ç—å —Ç–≤–æ—Ä–∏—Ç—Å—è –≤—Å–µ —á—Ç–æ —É–≥–æ–¥–Ω–æ. –≠—Ç–æ –ü—É—Ç–∏–Ω –≥–æ–≤–æ—Ä–∏–ª –ª–∏—á–Ω–æ –º–Ω–µ. –£ –Ω–µ–≥–æ –±—ã–ª–∞ —Ç–∞–∫–∞—è –∫–æ–Ω—Ü–µ–ø—Ü–∏—è, –∏ –æ–Ω–∞ –ø—Ä–æ—Å—É—â–µ—Å—Ç–≤–æ–≤–∞–ª–∞ 13 –ª–µ—Ç.  –ö–æ–Ω—Ü–µ–ø—Ü–∏—è –∏–∑–º–µ–Ω–∏–ª–∞—Å—å –ø–æ–¥ –≤–æ–∑–¥–µ–π—Å—Ç–≤–∏–µ–º ¬´–∞—Ä–∞–±—Å–∫–æ–π –≤–µ—Å–Ω—ã¬ª –∏ –ø–æ–¥ –≤–ª–∏—è–Ω–∏–µ–º —Å–æ–≤–µ—Ç–Ω–∏–∫–æ–≤, –∫–æ—Ä—ã—Å—Ç–Ω–æ –∑–∞–∏–Ω—Ç–µ—Ä–µ—Å–æ–≤–∞–Ω–Ω—ã—Ö –≤ –ø–æ—Å—Ç–∞–≤–∫–µ –æ–ø—Ä–µ–¥–µ–ª–µ–Ω–Ω–æ–≥–æ —Ä–æ–¥–∞ –∞–ø–ø–∞—Ä–∞—Ç—É—Ä—ã –¥–ª—è —Å–ª–µ–∂–∫–∏ –∑–∞ –≥—Ä–∞–∂–¥–∞–Ω–∞–º–∏. –¢–∞–∫ —Å–ª–æ–∂–∏–ª–æ—Å—å –ø—Ä–µ–¥—Å—Ç–∞–≤–ª–µ–Ω–∏–µ –æ —Ç–æ–º, —á—Ç–æ –∏–Ω—Ç–µ—Ä–Ω–µ—Ç ‚Äî —ç—Ç–æ —É–≥—Ä–æ–∑–∞, –æ—Ç—Ç—É–¥–∞ –ø—Ä–∏—Ö–æ–¥—è—Ç ¬´—Ü–≤–µ—Ç–Ω—ã–µ —Ä–µ–≤–æ–ª—é—Ü–∏–∏¬ª, —Ç–∞–º –æ–ø–ø–æ–∑–∏—Ü–∏—è, ¬´–ø—è—Ç–∞—è –∫–æ–ª–æ–Ω–Ω–∞¬ª –∏ —Ç–∞–∫ –¥–∞–ª–µ–µ.  –° —ç—Ç–æ–≥–æ –º–æ–º–µ–Ω—Ç–∞ –±—ã–ª–∞ –¥–∞–Ω–∞ –æ—Ç–º–∞—à–∫–∞: –∏–Ω—Ç–µ—Ä–Ω–µ—Ç –≤ –†–æ—Å—Å–∏–∏ –æ–≥—Ä–∞–Ω–∏—á–∏—Ç—å. –ë–ª–∞–≥–æ–¥–∞—Ä—è –≤—Å–µ–º —ç—Ç–∏–º –æ–≥—Ä–∞–Ω–∏—á–∏—Ç–µ–ª—å–Ω—ã–º –º–µ—Ä–∞–º –≤ –†–æ—Å—Å–∏–∏ –Ω–∞ —Å–µ–≥–æ–¥–Ω—è –ø—Ä–∞–∫—Ç–∏—á–µ—Å–∫–∏ —É–Ω–∏—á—Ç–æ–∂–µ–Ω–∞ IT-–æ—Ç—Ä–∞—Å–ª—å, –æ–±–µ—Å—Ü–µ–Ω–µ–Ω—ã –≤–µ–¥—É—â–∏–µ —Ä–æ—Å—Å–∏–π—Å–∫–∏–µ –∏–Ω—Ç–µ—Ä–Ω–µ—Ç-—Ö–æ–ª–¥–∏–Ω–≥–∏. –ú–æ–ª–æ–¥—ã–µ –ª—é–¥–∏, –º–µ—á—Ç–∞–≤—à–∏–µ –ø–æ–ø–∞—Å—Ç—å –Ω–∞ —Ä–∞–±–æ—Ç—É –≤ ¬´–Ø–Ω–¥–µ–∫—Å¬ª, —Å–µ–≥–æ–¥–Ω—è –ø—Ä–æ—Å—Ç–æ –æ—Ç—Å—ã–ª–∞—é—Ç —Ä–µ–∑—é–º–µ –∑–∞ –≥—Ä–∞–Ω–∏—Ü—É. –ü—Ä–æ–∏—Å—Ö–æ–¥–∏—Ç —É—Ç–µ—á–∫–∞ –º–æ–∑–≥–æ–≤, –ø–æ–ª–Ω–∞—è —Å—Ç–∞–≥–Ω–∞—Ü–∏—è –Ω–∞ IT-—Ä—ã–Ω–∫–µ, –∏–Ω–≤–µ—Å—Ç–∏—Ü–∏–æ–Ω–Ω–∞—è –∞–∫—Ç–∏–≤–Ω–æ—Å—Ç—å —Å–µ–≥–æ–¥–Ω—è –Ω–∏–∂–µ –ø–ª–∏–Ω—Ç—É—Å–∞.""   –ê–Ω—Ç–æ–Ω –ù–æ—Å–∏–∫, 2017"
1875450,58535,2017-07-09 15:45:17,3110570,"–í–Ω–µ–∑–∞–ø–Ω–æ —É–º–µ—Ä –æ–¥–∏–Ω –∏–∑ –æ—Å–Ω–æ–≤–∞—Ç–µ–ª–µ–π —Ä—É–Ω–µ—Ç–∞ –ê–Ω—Ç–æ–Ω –ù–æ—Å–∏–∫, –∫–æ—Ç–æ—Ä–æ–º—É 4 –∏—é–ª—è –∏—Å–ø–æ–ª–Ω–∏–ª—Å—è 51 –≥–æ–¥. –ê–Ω—Ç–æ–Ω –¥–æ –ø–æ—Å–ª–µ–¥–Ω–∏—Ö –¥–Ω–µ–π –≤—Å—Ç–∞–≤–∞–ª –Ω–∞ –∑–∞—â–∏—Ç—É –∏–Ω—Ç–µ—Ä–Ω–µ—Ç–∞ –∏ –∑–¥—Ä–∞–≤–æ–≥–æ —Å–º—ã—Å–ª–∞ –≤ —Å–≤–æ–∏—Ö —Ç–æ—á–Ω—ã—Ö –∏ —è—Ä–∫–∏—Ö –ø–æ—Å—Ç–∞—Ö –≤ –ñ–ñ (http://dolboeb.livejournal.com/3149444.html, http://dolboeb.livejournal.com/3164007.html, http://dolboeb.livejournal.com/3167688.html).  –ü–æ—Å–ª–µ–¥–Ω–∏–π —Ä–∞–∑ –ê–Ω—Ç–æ–Ω —Å–≤—è–∑—ã–≤–∞–ª—Å—è —Å–æ –º–Ω–æ–π 4 –∏—é–ª—è, –∫–æ–≥–¥–∞ –æ–Ω –æ—Ç–ø—Ä–∞–≤–∏–ª –º–Ω–µ —Å—Å—ã–ª–∫—É –Ω–∞ –æ—á–µ—Ä–µ–¥–Ω–æ–π –ø–æ—Å—Ç –≤ –∑–∞—â–∏—Ç—É Telegram. –Ø –æ—Ç–≤–µ—Ç–∏–ª –º–æ–ª—á–∞–Ω–∏–µ–º, –≤ —Å—É–º–∞—Ç–æ—Ö–µ –∑–∞–±—ã–≤ –ø–æ–∑–¥—Ä–∞–≤–∏—Ç—å –ê–Ω—Ç–æ–Ω–∞ —Å –¥–Ω–µ–º —Ä–æ–∂–¥–µ–Ω–∏—è.   –ê–Ω—Ç–æ–Ω–∞ –±—É–¥–µ—Ç –Ω–µ —Ö–≤–∞—Ç–∞—Ç—å. –û–Ω –±—ã–ª –æ–¥–Ω–∏–º –∏–∑ —Ç–µ—Ö —Ä–µ–¥–∫–∏—Ö –ª—é–¥–µ–π, –∫—Ç–æ —è—Å–Ω–æ –º—ã—Å–ª–∏–ª, —è—Å–Ω–æ –∏–∑–ª–∞–≥–∞–ª, –æ—Ö–æ—Ç–Ω–æ –¥–µ–ª–∏–ª—Å—è —Å–≤–æ–∏–º–∏ –∑–Ω–∞–Ω–∏—è–º–∏ –∏ –æ—Å—Ç–∞–≤–∞–ª—Å—è –æ–ø—Ç–∏–º–∏—Å—Ç–æ–º. –û–Ω –≤—Å–µ–≥–¥–∞ –ø–æ–¥–¥–µ—Ä–∂–∏–≤–∞–ª –º–µ–Ω—è –∏ –º–Ω–æ–≥–∏—Ö –¥—Ä—É–≥–∏—Ö, –∞ –º—ã —á–∞—Å—Ç–æ –∑–∞–±—ã–≤–∞–ª–∏ –ø–æ–¥–¥–µ—Ä–∂–∞—Ç—å –µ–≥–æ –≤ –æ—Ç–≤–µ—Ç.   –ö —Å–æ–∂–∞–ª–µ–Ω–∏—é, –º—ã —É–∂–µ –Ω–µ —Å–º–æ–∂–µ–º –≤–µ—Ä–Ω—É—Ç—å –ê–Ω—Ç–æ–Ω—É —Ç—É —Ç–µ–ø–ª–æ—Ç—É, –∫–æ—Ç–æ—Ä–æ–π –æ–Ω –¥–µ–ª–∏–ª—Å—è —Å –Ω–∞–º–∏. –ù–æ –º—ã –º–æ–∂–µ–º —Ö—Ä–∞–Ω–∏—Ç—å –ø–∞–º—è—Ç—å –æ –Ω–µ–º –∏ –∑–∞—â–∏—â–∞—Ç—å —Ç–µ –ø—Ä–∏–Ω—Ü–∏–ø—ã, –∫–æ—Ç–æ—Ä—ã–µ –æ–Ω –∑–∞—â–∏—â–∞–ª, –∏ —Å–ª–µ–¥–æ–≤–∞—Ç—å –µ–≥–æ –ø—Ä–∏–º–µ—Ä—É ‚Äì –ø–æ–¥–¥–µ—Ä–∂–∏–≤–∞—Ç—å –¥—Ä—É–∑–µ–π, –¥–µ–ª–∏—Ç—å—Å—è –∑–Ω–∞–Ω–∏—è–º–∏, —Å–æ—Ö—Ä–∞–Ω—è—Ç—å –æ–ø—Ç–∏–º–∏–∑–º –∏ –∑–¥—Ä–∞–≤–æ–º—ã—Å–ª–∏–µ.  –°–ø–∞—Å–∏–±–æ –∑–∞ –≤—Å–µ, –ê–Ω—Ç–æ–Ω."
1860157,20025,2017-06-30 17:00:18,2558849,"–ò—Ç–∞–∫, –†–æ—Å–∫–æ–º–Ω–∞–¥–∑–æ—Ä —É–¥–æ–≤–ª–µ—Ç–≤–æ—Ä–∏–ª—Å—è –æ—Ç—Å—ã–ª–∫–æ–π –∫ –æ—Ç–∫—Ä—ã—Ç—ã–º –∏—Å—Ç–æ—á–Ω–∏–∫–∞–º —Å –¥–∞–Ω–Ω—ã–º–∏ –æ –Ω–∞—à–µ–π –∫–æ–º–ø–∞–Ω–∏–∏ –∏ –∑–∞—Ä–µ–≥–∏—Å—Ç—Ä–∏—Ä–æ–≤–∞–ª Telegram –≤ —Ä–µ–µ—Å—Ç—Ä–µ —Ä–∞—Å–ø—Ä–æ—Å—Ç—Ä–∞–Ω–∏—Ç–µ–ª–µ–π –∏–Ω—Ñ–æ—Ä–º–∞—Ü–∏–∏. –ö–∞–∫ –¥–µ–∫–ª–∞—Ä–∏—Ä—É–µ—Ç—Å—è, –≤–æ–ø—Ä–æ—Å –æ –±–ª–æ–∫–∏—Ä–æ–≤–∫–µ Telegram –Ω–∞ —Ç–µ—Ä—Ä–∏—Ç–æ—Ä–∏–∏ –†–æ—Å—Å–∏–∏ –≤ –¥–∞–Ω–Ω—ã–π –º–æ–º–µ–Ω—Ç –Ω–µ —Å—Ç–æ–∏—Ç.   –û–¥–Ω–∞–∫–æ —Ä–∞–¥–æ–≤–∞—Ç—å—Å—è –≤—Å–µ –µ—â–µ —Ä–∞–Ω–æ: –ø—Ä–æ—Ç–∏–≤–æ—Ä–µ—á–∏–µ –º–µ–∂–¥—É –ø–æ–ª–∏—Ç–∏–∫–æ–π –∫–æ–Ω—Ñ–∏–¥–µ–Ω—Ü–∏–∞–ª—å–Ω–æ—Å—Ç–∏ Telegram (‚Äú–Ω–∏ –±–∞–π—Ç–∞ –ª–∏—á–Ω—ã—Ö –¥–∞–Ω–Ω—ã—Ö —Ç—Ä–µ—Ç—å–∏–º –ª–∏—Ü–∞–º‚Äù) –∏ —Ä—è–¥–æ–º –∑–∞–∫–æ–Ω–æ–≤ –†–§ –æ —Å–ª–µ–∂–∫–µ –Ω–µ –∏—Å—á–µ–∑–ª–æ. Telegram —Ä–∞–±–æ—Ç–∞–µ—Ç –Ω–∞ –µ–¥–∏–Ω—ã—Ö –ø—Ä–∏–Ω—Ü–∏–ø–∞—Ö –ø–æ –≤—Å–µ–º—É –º–∏—Ä—É: –¥–∞–∂–µ –≤ –∫–æ–Ω—Å–µ—Ä–≤–∞—Ç–∏–≤–Ω–æ–º –ò—Ä–∞–Ω–µ, –≥–¥–µ –∑–∞–±–ª–æ–∫–∏—Ä–æ–≤–∞–Ω—ã Facebook –∏ Twitter –∏ –≥–¥–µ —É Telegram –±–æ–ª–µ–µ 40 –º–∏–ª–ª–∏–æ–Ω–æ–≤ –∞–∫—Ç–∏–≤–Ω—ã—Ö –ø–æ–ª—å–∑–æ–≤–∞—Ç–µ–ª–µ–π, –ø—Ä–∞–≤–∏—Ç–µ–ª—å—Å—Ç–≤–æ –Ω–µ –ø–æ–ª—É—á–∏–ª–æ –æ—Ç –Ω–∞—Å –Ω–∏ –±–∞–π—Ç–∞ –ª–∏—á–Ω—ã—Ö –¥–∞–Ω–Ω—ã—Ö –ø–æ–ª—å–∑–æ–≤–∞—Ç–µ–ª–µ–π. –ú—ã –Ω–µ –±—É–¥–µ–º –¥–µ–ª–∞—Ç—å –∏—Å–∫–ª—é—á–µ–Ω–∏–π –∏–∑ –Ω–∞—à–∏—Ö –ø—Ä–∏–Ω—Ü–∏–ø–æ–≤ —Ä–∞–¥–∏ —Å–æ—Ö—Ä–∞–Ω–µ–Ω–∏—è –¥–æ–ª–∏ —Ä—ã–Ω–∫–∞ –≤ –æ—Ç–¥–µ–ª—å–Ω—ã—Ö —Å—Ç—Ä–∞–Ω–∞—Ö.   –í —ç—Ç–æ–π —Å–≤—è–∑–∏ –ø—Ä–∏–∑—ã–≤–∞—é –≤–∞—Å —É–±–µ–¥–∏—Ç—å—Å—è, —á—Ç–æ —É –≤–∞—Å —É—Å—Ç–∞–Ω–æ–≤–ª–µ–Ω–∞ –ø–æ—Å–ª–µ–¥–Ω—è—è –≤–µ—Ä—Å–∏—è Telegram (4.1). –°–µ–≥–æ–¥–Ω—è—à–Ω–µ–µ –æ–±–Ω–æ–≤–ª–µ–Ω–∏–µ, –ø–æ–º–∏–º–æ —É–¥–æ–±–Ω–æ–≥–æ –∞–¥–º–∏–Ω–∏—Å—Ç—Ä–∏—Ä–æ–≤–∞–Ω–∏—è –±–æ–ª—å—à–∏—Ö –≥—Ä—É–ø–ø –∏ –∫–∞–Ω–∞–ª–æ–≤, –¥–µ–ª–∞–µ—Ç Telegram –µ—â–µ –±–æ–ª–µ–µ —É—Å—Ç–æ–π—á–∏–≤—ã–º –∫ –ø–æ—Ç–µ–Ω—Ü–∏–∞–ª—å–Ω—ã–º –±–ª–æ–∫–∏—Ä–æ–≤–∫–∞–º –≤ –±—É–¥—É—â–µ–º ‚Äì –∫–∞–∫ –Ω–∞ —Ç–µ—Ä—Ä–∏—Ç–æ—Ä–∏–∏ –†–æ—Å—Å–∏–∏, —Ç–∞–∫ –∏ –≤ –¥—Ä—É–≥–∏—Ö —Å—Ç—Ä–∞–Ω–∞—Ö."
1854483,23733,2017-06-28 15:50:19,2812154,"–ì–ª–∞–≤–∞ –†–æ—Å–∫–æ–º–Ω–∞–¥–∑–æ—Ä–∞ –æ—Ç–∫—Ä–µ—Å—Ç–∏–ª—Å—è –æ—Ç –∂–µ–ª–∞–Ω–∏—è –ø–æ–ª—É—á–∏—Ç—å –¥–æ—Å—Ç—É–ø –∫ –ª–∏—á–Ω–æ–π –ø–µ—Ä–µ–ø–∏—Å–∫–µ –ø–æ–ª—å–∑–æ–≤–∞—Ç–µ–ª–µ–π Telegram –∏ –∑–∞—è–≤–∏–ª, —á—Ç–æ –≤—Å–µ, —á–µ–≥–æ –æ–Ω –∂–¥–µ—Ç –æ—Ç –Ω–∞—Å –¥–ª—è –≤—ã–ø–æ–ª–Ω–µ–Ω–∏—è –∑–∞–∫–æ–Ω–∞, ‚Äì —ç—Ç–æ –ø—Ä–µ–¥–æ—Å—Ç–∞–≤–ª–µ–Ω–∏–µ –∏–Ω—Ñ–æ—Ä–º–∞—Ü–∏–∏ –æ –∫–æ–º–ø–∞–Ω–∏–∏ Telegram:  ""–ù–∏–∫–∞–∫–æ–π —Ä–µ—á–∏ –æ —Ç–æ–º, —á—Ç–æ –±—É–¥–µ—Ç –¥–æ—Å—Ç—É–ø –∫ –ø–µ—Ä–µ–ø–∏—Å–∫–µ –ø–æ–ª—å–∑–æ–≤–∞—Ç–µ–ª–µ–π, –Ω–µ –∏–¥–µ—Ç. –í–æ–ø—Ä–æ—Å —Ç–æ–ª—å–∫–æ –æ–± –æ–¥–Ω–æ–º ‚Äì –æ –ø—è—Ç–∏ –∏–¥–µ–Ω—Ç–∏—Ñ–∏–∫–∞—Ç–æ—Ä–∞—Ö, –∫–æ—Ç–æ—Ä—ã–µ –º–µ—Å—Å–µ–Ω–¥–∂–µ—Ä –¥–æ–ª–∂–µ–Ω —Å–æ–æ–±—â–∏—Ç—å –≤ –†–æ—Å–∫–æ–º–Ω–∞–¥–∑–æ—Ä, –æ–Ω–∏ –æ—Ñ–∏—Ü–∏–∞–ª—å–Ω–æ –±—É–¥—É—Ç –≤–Ω–µ—Å–µ–Ω—ã –≤ —Ä–µ–µ—Å—Ç—Ä —Ä–∞—Å–ø—Ä–æ—Å—Ç—Ä–∞–Ω–µ–Ω–∏—è –∏–Ω—Ñ–æ—Ä–º–∞—Ü–∏–∏. –ù–∞ —ç—Ç–æ–º —Ç–æ—á–∫–∞"" (–ê. –ñ–∞—Ä–æ–≤)  –†–µ–≥–∏—Å—Ç—Ä–∞—Ü–∏–æ–Ω–Ω—ã–µ –¥–∞–Ω–Ω—ã–µ –æ –∫–æ–º–ø–∞–Ω–∏–∏-–∏–∑–¥–∞—Ç–µ–ª–µ Telegram ‚Äì –Ω–µ —Å–µ–∫—Ä–µ—Ç –∏ –¥–æ—Å—Ç—É–ø–Ω—ã –ª—é–±–æ–º—É –∂–µ–ª–∞—é—â–µ–º—É –≤ –æ—Ç–∫—Ä—ã—Ç—ã—Ö –∏—Å—Ç–æ—á–Ω–∏–∫–∞—Ö https://beta.companieshouse.gov.uk/company/OC391410 –≠–ª–µ–∫—Ç—Ä–æ–Ω–Ω—ã–π –∞–¥—Ä–µ—Å abuse@telegram.org, –∫—É–¥–∞ –Ω–∞—à–∞ –∫–æ–º–∞–Ω–¥–∞ –ø—Ä–∏–Ω–∏–º–∞–µ—Ç –∂–∞–ª–æ–±—ã –Ω–∞ –∫–æ–Ω—Ç–µ–Ω—Ç, —Å–≤—è–∑–∞–Ω–Ω—ã–π —Å –ø—Ä–æ–ø–∞–≥–∞–Ω–¥–æ–π —Ç–µ—Ä—Ä–æ—Ä–∏–∑–º–∞, —Ç–∞–∫–∂–µ –ø—É–±–ª–∏—á–µ–Ω –∏ –∏–∑–≤–µ—Å—Ç–µ–Ω –†–æ—Å–∫–æ–º–Ω–∞–¥–∑–æ—Ä—É.  –ï—Å–ª–∏ –Ω–∞ —ç—Ç–æ–º –∂–µ–ª–∞–Ω–∏—è —Ä–µ–≥—É–ª—è—Ç–æ—Ä–∞ –¥–µ–π—Å—Ç–≤–∏—Ç–µ–ª—å–Ω–æ –æ–≥—Ä–∞–Ω–∏—á–∏–≤–∞—é—Ç—Å—è, —É –º–µ–Ω—è –Ω–µ—Ç –≤–æ–∑—Ä–∞–∂–µ–Ω–∏–π –ø—Ä–æ—Ç–∏–≤ –∏—Å–ø–æ–ª—å–∑–æ–≤–∞–Ω–∏—è —ç—Ç–∏—Ö –¥–∞–Ω–Ω—ã—Ö –¥–ª—è —Ä–µ–≥–∏—Å—Ç—Ä–∞—Ü–∏–∏ Telegram Messenger LLP –≤ —Ä–µ–µ—Å—Ç—Ä–µ –æ—Ä–≥–∞–Ω–∏–∑–∞—Ç–æ—Ä–æ–≤ —Ä–∞—Å–ø—Ä–æ—Å—Ç—Ä–∞–Ω–µ–Ω–∏—è –∏–Ω—Ñ–æ—Ä–º–∞—Ü–∏–∏, –æ–¥–Ω–∞–∫–æ –º—ã –Ω–µ –±—É–¥–µ–º –≤—ã–ø–æ–ª–Ω—è—Ç—å –∞–Ω—Ç–∏–∫–æ–Ω—Å—Ç–∏—Ç—É—Ü–∏–æ–Ω–Ω—ã–π –∏ –Ω–µ—Ä–µ–∞–ª–∏–∑—É–º—ã–π —Ç–µ—Ö–Ω–∏—á–µ—Å–∫–∏ ""–∑–∞–∫–æ–Ω –Ø—Ä–æ–≤–æ–π"" ‚Äì —Ä–∞–≤–Ω–æ –∫–∞–∫ –∏ –¥—Ä—É–≥–∏–µ –∑–∞–∫–æ–Ω—ã, –Ω–µ —Å–æ–≤–º–µ—Å—Ç–∏–º—ã–µ —Å –∑–∞—â–∏—Ç–æ–π —á–∞—Å—Ç–Ω–æ–π –∂–∏–∑–Ω–∏ –∏ –ø–æ–ª–∏—Ç–∏–∫–æ–π –∫–æ–Ω—Ñ–∏–¥–µ–Ω—Ü–∏–∞–ª—å–Ω–æ—Å—Ç–∏ Telegram.  –î—Ä—É–≥–∏–º–∏ —Å–ª–æ–≤–∞–º–∏, –¥–∞–≤–∞—è —Å–æ–≥–ª–∞—Å–∏–µ –Ω–∞ –≤–Ω–µ—Å–µ–Ω–∏–µ –≤ —Ä–µ–µ—Å—Ç—Ä, –º—ã –∏—Å—Ö–æ–¥–∏–º –∏–∑ —Å–æ–æ—Ç–≤–µ—Ç—Å—Ç–≤–∏—è –∏—Å—Ç–∏–Ω–µ –∑–∞—è–≤–ª–µ–Ω–∏—è –≥–ª–∞–≤—ã –†–æ—Å–∫–æ–º–Ω–∞–¥–∑–æ—Ä–∞ (""–Ω–∞ —ç—Ç–æ–º —Ç–æ—á–∫–∞"") –∏ –Ω–µ –±–µ—Ä–µ–º –Ω–∞ —Å–µ–±—è –∫–∞–∫–∏—Ö-–ª–∏–±–æ –¥–æ–ø–æ–ª–Ω–∏—Ç–µ–ª—å–Ω—ã—Ö –æ–±—è–∑–∞—Ç–µ–ª—å—Å—Ç–≤. –í —Ä–∞–º–∫–∞—Ö —Ä–∞–±–æ—Ç—ã —Å —Ä–æ—Å—Å–∏–π—Å–∫–∏–º —Ä–µ–≥—É–ª—è—Ç–æ—Ä–æ–º –º—ã –º–æ–∂–µ–º –æ–±–µ—â–∞—Ç—å —Ç–æ–ª—å–∫–æ —Ç–æ—Ç —É—Ä–æ–≤–µ–Ω—å —Å–æ—Ç—Ä—É–¥–Ω–∏—á–µ—Å—Ç–≤–∞, –∫–æ—Ç–æ—Ä—ã–π –¥–µ–º–æ–Ω—Å—Ç—Ä–∏—Ä—É–µ–º –≤–æ –≤—Å–µ—Ö –æ—Å—Ç–∞–ª—å–Ω—ã—Ö —Å—Ç—Ä–∞–Ω–∞—Ö, –∞ –∏–º–µ–Ω–Ω–æ ‚Äì –ø—Ä–æ–¥–æ–ª–∂–∞—Ç—å —Å–æ–≤–º–µ—Å—Ç–Ω—É—é —Ä–∞–±–æ—Ç—É –ø–æ —É–¥–∞–ª–µ–Ω–∏—é –ø—É–±–ª–∏—á–Ω—ã—Ö –º–∞—Ç–µ—Ä–∏–∞–ª–æ–≤, —Å–≤—è–∑–∞–Ω–Ω—ã—Ö —Å –ø—Ä–æ–ø–∞–≥–∞–Ω–¥–æ–π —Ç–µ—Ä—Ä–æ—Ä–∏–∑–º–∞, –Ω–∞—Ä–∫–æ—Ç–∏–∫–æ–≤, –ø—Ä–∏–∑—ã–≤–∞–º–∏ –∫ –Ω–∞—Å–∏–ª–∏—é –∏ –¥–µ—Ç—Å–∫–æ–π –ø–æ—Ä–Ω–æ–≥—Ä–∞—Ñ–∏–µ–π, –∞ —Ç–∞–∫–∂–µ –ø—Ä–æ–¥–æ–ª–∂–∞—Ç—å —Ä–∞–±–æ—Ç—É –ø–æ –ø—Ä–µ—Å–µ—á–µ–Ω–∏—é —Ä–∞—Å—Å—ã–ª–æ–∫ —Å–ø–∞–º–∞.  –ù–µ –º–æ–≥—É –ø—Ä–æ–≥–Ω–æ–∑–∏—Ä–æ–≤–∞—Ç—å, –∫–∞–∫ –¥–∞–Ω–Ω–æ–µ –∑–∞—è–≤–ª–µ–Ω–∏–µ –ø–æ–≤–ª–∏—è–µ—Ç –Ω–∞ –ø–æ–∑–∏—Ü–∏—é —Ä–µ–≥—É–ª—è—Ç–æ—Ä–∞, –Ω–æ —É–≤–µ—Ä–µ–Ω –≤ –æ–¥–Ω–æ–º: –µ—Å–ª–∏ Telegram –¥–µ–π—Å—Ç–≤–∏—Ç–µ–ª—å–Ω–æ –±—É–¥–µ—Ç –∑–∞–±–ª–æ–∫–∏—Ä–æ–≤–∞–Ω –Ω–∞ —Ç–µ—Ä—Ä–∏—Ç–æ—Ä–∏–∏ –†–æ—Å—Å–∏–∏, —Ç–æ —ç—Ç–æ –ø—Ä–æ–∏–∑–æ–π–¥–µ—Ç –æ—Ç–Ω—é–¥—å –Ω–µ –ø–æ—Ç–æ–º—É, —á—Ç–æ –º—ã –æ—Ç–∫–∞–∑–∞–ª–∏—Å—å –ø—Ä–µ–¥–æ—Å—Ç–∞–≤–∏—Ç—å –¥–∞–Ω–Ω—ã–µ –æ –Ω–∞—à–µ–π –∫–æ–º–ø–∞–Ω–∏–∏."
1851814,16000,2017-06-27 22:32:30,2273044,"–†–æ—Å—Å–∏–π—Å–∫–∏–µ –°–ú–ò –ø–µ—Ä–∏–æ–¥–∏—á–µ—Å–∫–∏ –±–µ—Ä—É—Ç –∏–Ω—Ñ–æ—Ä–º–∞—Ü–∏—é –∏–∑ –Ω–µ–æ—Ñ–∏—Ü–∏–∞–ª—å–Ω—ã—Ö —Ä—É—Å—Å–∫–æ—è–∑—ã—á–Ω—ã—Ö –∫–∞–Ω–∞–ª–æ–≤ –ø—Ä–æ Telegram –∏ –≤—ã–¥–∞—é—Ç –∏—Ö –∑–∞ –æ–±—Ä–∞—â–µ–Ω–∏–µ –Ω–∞—à–µ–π –∫–æ–º–∞–Ω–¥—ã.   –í —á–∞—Å—Ç–Ω–æ—Å—Ç–∏, c–µ–π—á–∞—Å –°–ú–ò –∞–∫—Ç–∏–≤–Ω–æ —Ü–∏—Ç–∏—Ä—É—é—Ç –†–ë–ö, –∫–æ—Ç–æ—Ä—ã–µ –ø–∏—à—É—Ç –ø—Ä–æ –Ω–µ–∫–∏–µ ""–¥–≤–∞ –∫–ª–∏–∫–∞"" –¥–ª—è –æ–±—Ö–æ–¥–∞ –±–ª–æ–∫–∏—Ä–æ–≤–∫–∏, —Å—Å—ã–ª–∞—è—Å—å –Ω–∞ ""–∫–æ–º–∞–Ω–¥—É Telegram"". –ù–µ –¥–∞–π—Ç–µ —Å–µ–±—è –æ–±–º–∞–Ω—É—Ç—å ‚Äì –≤—Å–µ –æ—Ñ–∏—Ü–∏–∞–ª—å–Ω—ã–µ –∑–∞—è–≤–ª–µ–Ω–∏—è –ø—Ä–æ –≤–æ–∑–º–æ–∂–Ω—É—é –±–ª–æ–∫–∏—Ä–æ–≤–∫—É –∏–ª–∏ —Å–ø–æ—Å–æ–±—ã –µ–µ –æ–±—Ö–æ–¥–∞ –±—É–¥—É—Ç –ø—É–±–ª–∏–∫–æ–≤–∞—Ç—å—Å—è —Ü–µ–Ω—Ç—Ä–∞–ª–∏–∑–æ–≤–∞–Ω–Ω–æ –≤ –±–ª–æ–≥–µ Telegram –Ω–∞ —Å–∞–π—Ç–µ telegram.org.  –£ –∫–æ–º–∞–Ω–¥—ã Telegram –Ω–µ—Ç –æ—Ñ–∏—Ü–∏–∞–ª—å–Ω—ã—Ö (–∏–ª–∏ –Ω–µ–æ—Ñ–∏—Ü–∏–∞–ª—å–Ω—ã—Ö) —Ä—É—Å—Å–∫–æ—è–∑—ã—á–Ω—ã—Ö –∫–∞–Ω–∞–ª–æ–≤. –ï–¥–∏–Ω—Å—Ç–≤–µ–Ω–Ω—ã–µ –æ–±—Ä–∞—â–µ–Ω–∏—è –Ω–∞ —Ä—É—Å—Å–∫–æ–º —è–∑—ã–∫–µ, —Å–≤—è–∑–∞–Ω–Ω—ã–µ —Å –æ—Ñ–∏—Ü–∏–∞–ª—å–Ω—ã–º Telegram, –ø–æ—è–≤–ª—è—é—Ç—Å—è –∑–¥–µ—Å—å ‚Äì –Ω–∞ –º–æ–µ–π —Å—Ç—Ä–∞–Ω–∏—Ü–µ –≤ –í–ö."
1844194,31263,2017-06-26 13:54:56,2631867,"–í—Ä–µ–º—è –ø–æ—è–≤–ª–µ–Ω–∏—è –∏–Ω—Ñ–æ—Ä–º–∞—Ü–∏–∏ –æ —Ç–æ–º, —á—Ç–æ –ø–æ—á—Ç–∏ —Ç—Ä–∏ –º–µ—Å—è—Ü–∞ –Ω–∞–∑–∞–¥ Telegram —è–∫–æ–±—ã –∏—Å–ø–æ–ª—å–∑–æ–≤–∞–ª—Å—è –ø—Ä–∏ –ø–æ–¥–≥–æ—Ç–æ–≤–∫–µ —Ç–µ—Ä–∞–∫—Ç–∞, –≤—ã–∑—ã–≤–∞–µ—Ç –≤–æ–ø—Ä–æ—Å—ã. –ü–µ—á–∞–ª—å–Ω–æ, –µ—Å–ª–∏ —Å–ø–µ—Ü—Å–ª—É–∂–±—ã –†–æ—Å—Å–∏–∏ —ç–∫—Å–ø–ª—É–∞—Ç–∏—Ä—É—é—Ç –ø–æ–¥–æ–±–Ω—É—é —Ç—Ä–∞–≥–µ–¥–∏—é –∫–∞–∫ –ø—Ä–µ–¥–ª–æ–≥ –¥–ª—è —É—Å–∏–ª–µ–Ω–∏—è —Å–≤–æ–µ–≥–æ –≤–ª–∏—è–Ω–∏—è –∏ –∫–æ–Ω—Ç—Ä–æ–ª—è –Ω–∞–¥ –Ω–∞—Å–µ–ª–µ–Ω–∏–µ–º.  –ö —Å–æ–∂–∞–ª–µ–Ω–∏—é, —Å—Ä–µ–¥—Å—Ç–≤–∞ –∫–æ–º–º—É–Ω–∏–∫–∞—Ü–∏–∏ –≤—Ä–æ–¥–µ Telegram –∏–ª–∏ WhatsApp –Ω–µ –º–æ–≥—É—Ç —Å—Ç–∞—Ç—å –Ω–µ–±–µ–∑–æ–ø–∞—Å–Ω—ã–º–∏ —Ç–æ–ª—å–∫–æ –¥–ª—è –ø–æ—Ç–µ–Ω—Ü–∏–∞–ª—å–Ω—ã—Ö —Ç–µ—Ä—Ä–æ—Ä–∏—Å—Ç–æ–≤. –®–∏—Ñ—Ä–æ–≤–∞–Ω–∏–µ —ç—Ç–∏—Ö —Å–µ—Ä–≤–∏—Å–æ–≤ –ª–∏–±–æ –æ–¥–∏–Ω–∞–∫–æ–≤–æ –∑–∞—â–∏—â–∞–µ—Ç –≤—Å–µ—Ö –ø–æ–ª—å–∑–æ–≤–∞—Ç–µ–ª–µ–π, –ª–∏–±–æ –≤—Å–µ—Ö –∏—Ö —Å—Ç–∞–≤–∏—Ç –ø–æ–¥ —É–¥–∞—Ä. –û—Ç–∫–∞–∑ –æ—Ç –æ–∫–æ–Ω–µ—á–Ω–æ–≥–æ —à–∏—Ñ—Ä–æ–≤–∞–Ω–∏—è –≤ –æ—Ç–¥–µ–ª—å–Ω–æ –≤–∑—è—Ç–æ–π —Å—Ç—Ä–∞–Ω–µ —Å–¥–µ–ª–∞–µ—Ç –¥–µ—Å—è—Ç–∫–∏ –º–∏–ª–ª–∏–æ–Ω–æ–≤ –ª—é–¥–µ–π –±–µ–∑–∑–∞—â–∏—Ç–Ω—ã–º–∏ –æ—Ç –∞—Ç–∞–∫ —Ö–∞–∫–µ—Ä–æ–≤ –∏ —à–∞–Ω—Ç–∞–∂–∞ –∫–æ—Ä—Ä—É–º–ø–∏—Ä–æ–≤–∞–Ω–Ω—ã—Ö —á–∏–Ω–æ–≤–Ω–∏–∫–æ–≤.  –ë–æ–ª–µ–µ —Ç–æ–≥–æ, –æ—Å–ª–∞–±–ª–µ–Ω–∏–µ —à–∏—Ñ—Ä–æ–≤–∞–Ω–∏—è –≤–æ –≤—Å–µ—Ö –º–µ—Å—Å–µ–Ω–¥–∂–µ—Ä–∞—Ö –ø—Ä–∏–≤–µ–¥–µ—Ç –∫ –ø–æ–¥—Ä—ã–≤—É –Ω–∞—Ü–∏–æ–Ω–∞–ª—å–Ω–æ–π –±–µ–∑–æ–ø–∞—Å–Ω–æ—Å—Ç–∏ —Å—Ç—Ä–∞–Ω—ã –≤ —Ü–µ–ª–æ–º, —Ç–∞–∫ –∫–∞–∫ –≤ —ç—Ç–æ–º —Å–ª—É—á–∞–µ –∏–Ω–æ—Å—Ç—Ä–∞–Ω–Ω—ã–µ —Å–ø–µ—Ü—Å–ª—É–∂–±—ã –Ω–µ–∏–∑–±–µ–∂–Ω–æ —Ç–æ–∂–µ –ø–æ–ª—É—á–∞—Ç –¥–æ—Å—Ç—É–ø –∫ –ø–µ—Ä–µ–ø–∏—Å–∫–µ –≥—Ä–∞–∂–¥–∞–Ω –†–æ—Å—Å–∏–∏. –ü—Ä–∏ —ç—Ç–æ–º —Ä–∏—Å–∫ —Ç–µ—Ä–∞–∫—Ç–æ–≤ –Ω–µ –∏—Å—á–µ–∑–Ω–µ—Ç ‚Äì –∫–∞–∫ –ø–æ–∫–∞–∑–∞–ª–∏ —Å–æ–±—ã—Ç–∏—è –≤ –ü–∞—Ä–∏–∂–µ, –¥–ª—è –ø—Ä–æ–≤–µ–¥–µ–Ω–∏—è —Ç–µ—Ä–∞–∫—Ç–∞ –¥–æ—Å—Ç–∞—Ç–æ—á–Ω–æ –æ–¥–Ω–æ—Ä–∞–∑–æ–≤—ã—Ö —Ç–µ–ª–µ—Ñ–æ–Ω–æ–≤ –∏ –æ–±—ã—á–Ω—ã—Ö CMC –±–µ–∑ –≤—Å—è–∫–æ–≥–æ —à–∏—Ñ—Ä–æ–≤–∞–Ω–∏—è."
1840829,45885,2017-06-26 02:38:38,2911821,"–ì–ª–∞–≤–∞ –†–æ—Å–∫–æ–º–Ω–∞–¥–∑–æ—Ä–∞ –∑–∞—è–≤–∏–ª, —á—Ç–æ Telegram –¥–æ–ª–∂–µ–Ω –≤—ã–¥–∞—Ç—å —Å–ø–µ—Ü—Å–ª—É–∂–±–∞–º ‚Äú–∫–ª—é—á–∏ –¥–ª—è –¥–µ—à–∏—Ñ—Ä–∞—Ü–∏–∏‚Äù, —á—Ç–æ–±—ã —Ç–µ –º–æ–≥–ª–∏ —á–∏—Ç–∞—Ç—å –ø–µ—Ä–µ–ø–∏—Å–∫—É –ø–æ–ª—å–∑–æ–≤–∞—Ç–µ–ª–µ–π –∏ –ª–æ–≤–∏—Ç—å —Ç–µ—Ä—Ä–æ—Ä–∏—Å—Ç–æ–≤. –≠—Ç–æ —Ç—Ä–µ–±–æ–≤–∞–Ω–∏–µ –Ω–µ —Ç–æ–ª—å–∫–æ –ø—Ä–æ—Ç–∏–≤–æ—Ä–µ—á–∏—Ç 23-–π —Å—Ç–∞—Ç—å–µ –ö–æ–Ω—Å—Ç–∏—Ç—É—Ü–∏–∏ –†–§ –æ –ø—Ä–∞–≤–µ –Ω–∞ —Ç–∞–π–Ω—É –ø–µ—Ä–µ–ø–∏—Å–∫–∏, –Ω–æ –∏ –¥–µ–º–æ–Ω—Å—Ç—Ä–∏—Ä—É–µ—Ç –Ω–µ–∑–Ω–∞–Ω–∏–µ —Ç–æ–≥–æ, –∫–∞–∫ —à–∏—Ñ—Ä—É–µ—Ç—Å—è –∫–æ–º–º—É–Ω–∏–∫–∞—Ü–∏—è –≤ 2017 –≥–æ–¥—É.  –í 2017 –≥–æ–¥—É –æ–±–º–µ–Ω —Å–µ–∫—Ä–µ—Ç–Ω–æ–π –∏–Ω—Ñ–æ—Ä–º–∞—Ü–∏–µ–π –ø–æ—Å—Ç—Ä–æ–µ–Ω –Ω–∞ –æ–∫–æ–Ω–µ—á–Ω–æ–º —à–∏—Ñ—Ä–æ–≤–∞–Ω–∏–∏, –∫ –∫–æ—Ç–æ—Ä–æ–º—É —É –≤–ª–∞–¥–µ–ª—å—Ü–µ–≤ –º–µ—Å—Å–µ–Ω–¥–∂–µ—Ä–æ–≤ –Ω–µ—Ç –∏ –Ω–µ –º–æ–∂–µ—Ç –±—ã—Ç—å ‚Äú–∫–ª—é—á–µ–π –¥–ª—è –¥–µ—à–∏—Ñ—Ä–∞—Ü–∏–∏‚Äù. –≠—Ç–∏ –∫–ª—é—á–∏ —Ö—Ä–∞–Ω—è—Ç—Å—è —Ç–æ–ª—å–∫–æ –Ω–∞ —É—Å—Ç—Ä–æ–π—Å—Ç–≤–∞—Ö —Å–∞–º–∏—Ö –ø–æ–ª—å–∑–æ–≤–∞—Ç–µ–ª–µ–π. –•–æ—Ç—è Telegram –±—ã–ª –ø–∏–æ–Ω–µ—Ä–æ–º —ç—Ç–æ–π —Ç–µ—Ö–Ω–æ–ª–æ–≥–∏–∏, —Å–µ–≥–æ–¥–Ω—è –æ–∫–æ–Ω–µ—á–Ω–æ–µ —à–∏—Ñ—Ä–æ–≤–∞–Ω–∏–µ –∏—Å–ø–æ–ª—å–∑—É—é—Ç –≤—Å–µ –ø–æ–ø—É–ª—è—Ä–Ω—ã–µ –º–µ—Å—Å–µ–Ω–¥–∂–µ—Ä—ã, –≤–∫–ª—é—á–∞—è WhatsApp, Viber, iMessage –∏ –¥–∞–∂–µ Facebook Messenger.   –ü–æ—Ç–µ–Ω—Ü–∏–∞–ª—å–Ω–∞—è –±–ª–æ–∫–∏—Ä–æ–≤–∫–∞ Telegram –Ω–∏–∫–∞–∫ –Ω–µ —É—Å–ª–æ–∂–Ω–∏—Ç –∑–∞–¥–∞—á–∏ —Ç–µ—Ä—Ä–æ—Ä–∏—Å—Ç–æ–≤ –∏ –Ω–∞—Ä–∫–æ–¥–∏–ª–µ—Ä–æ–≤ ‚Äì –≤ –∏—Ö —Ä–∞—Å–ø–æ—Ä—è–∂–µ–Ω–∏–∏ –æ—Å—Ç–∞–Ω—É—Ç—Å—è –¥–µ—Å—è—Ç–∫–∏ –¥—Ä—É–≥–∏—Ö –º–µ—Å—Å–µ–Ω–¥–∂–µ—Ä–æ–≤, –ø–æ—Å—Ç—Ä–æ–µ–Ω–Ω—ã—Ö –Ω–∞ –æ–∫–æ–Ω–µ—á–Ω–æ–º —à–∏—Ñ—Ä–æ–≤–∞–Ω–∏–∏ (+VPN). –ù–∏ –≤ –æ–¥–Ω–æ–π —Å—Ç—Ä–∞–Ω–µ –º–∏—Ä–∞ –Ω–µ –∑–∞–±–ª–æ–∫–∏—Ä–æ–≤–∞–Ω—ã –≤—Å–µ –ø–æ–¥–æ–±–Ω—ã–µ –º–µ—Å—Å–µ–Ω–¥–∂–µ—Ä—ã –∏–ª–∏ –≤—Å–µ —Å–µ—Ä–≤–∏—Å—ã VPN. –ß—Ç–æ–±—ã –ø–æ–±–µ–¥–∏—Ç—å —Ç–µ—Ä—Ä–æ—Ä–∏–∑–º —á–µ—Ä–µ–∑ –±–ª–æ–∫–∏—Ä–æ–≤–∫–∏, –ø—Ä–∏–¥–µ—Ç—Å—è –∑–∞–±–ª–æ–∫–∏—Ä–æ–≤–∞—Ç—å –∏–Ω—Ç–µ—Ä–Ω–µ—Ç."
1835009,33126,2017-06-23 18:22:08,2536627,"–ì–ª–∞–≤–∞ –†–æ—Å–∫–æ–º–Ω–∞–¥–∑–æ—Ä–∞ –Ω–µ —Å–º–æ–≥ –ø–æ—è—Å–Ω–∏—Ç—å, –ø–æ—á–µ–º—É –ø—Ä–æ–≤–æ–¥–∏—Ç –∫–∞–º–ø–∞–Ω–∏—é –ø–æ –ø–µ—Ä–µ–≤–æ–¥—É –¥–∞–Ω–Ω—ã—Ö —Ä–æ—Å—Å–∏–π—Å–∫–∏—Ö –≥—Ä–∞–∂–¥–∞–Ω –Ω–∞ —Å–µ—Ä–≤–µ—Ä–∞ –∞–º–µ—Ä–∏–∫–∞–Ω—Å–∫–∏—Ö —Å–µ—Ä–≤–∏—Å–æ–≤.   –í–º–µ—Å—Ç–æ —ç—Ç–æ–≥–æ –æ–Ω —Å–æ —Å—Ç—Ä–∞–Ω–∏—Ü Facebook –æ–±–≤–∏–Ω–∏–ª Telegram –≤ ""–Ω–µ–π—Ç—Ä–∞–ª—å–Ω–æ–º –æ—Ç–Ω–æ—à–µ–Ω–∏–∏"" –∫ —Ç–µ—Ä—Ä–æ—Ä–∏–∑–º—É. –≠—Ç–∞ –ø–æ–∑–∏—Ü–∏—è –¥–∞–ª–µ–∫–∞ –æ—Ç —Ä–µ–∞–ª—å–Ω–æ—Å—Ç–∏: —Ç–æ–ª—å–∫–æ —Å –Ω–∞—á–∞–ª–∞ —ç—Ç–æ–≥–æ –º–µ—Å—è—Ü–∞ Telegram –∑–∞–±–ª–æ–∫–∏—Ä–æ–≤–∞–ª –±–æ–ª–µ–µ 5 —Ç—ã—Å—è—á –ø—É–±–ª–∏—á–Ω—ã—Ö –∫–∞–Ω–∞–ª–æ–≤ –∏ –≥—Ä—É–ø–ø, —Å–≤—è–∑–∞–Ω–Ω—ã—Ö —Å –ø—Ä–æ–ø–∞–≥–∞–Ω–¥–æ–π —Ç–µ—Ä—Ä–æ—Ä–∏–∑–º–∞. –õ—é–±–æ–π –∂–µ–ª–∞—é—â–∏–π –º–æ–∂–µ—Ç –æ–∑–Ω–∞–∫–æ–º–∏—Ç—å—Å—è —Å–æ —Å—Ç–∞—Ç–∏—Å—Ç–∏–∫–æ–π –µ–∂–µ–¥–Ω–µ–≤–Ω—ã—Ö –±–ª–æ–∫–∏—Ä–æ–≤–æ–∫ —Ç–µ—Ä—Ä–æ—Ä–∏—Å—Ç–æ–≤ –≤ –∫–∞–Ω–∞–ª–µ t.me/isiswatch   Telegram –æ–±—Ä–∞–±–∞—Ç—ã–≤–∞–µ—Ç –∑–∞–ø—Ä–æ—Å—ã –Ω–∞ —É–¥–∞–ª–µ–Ω–∏–µ —Ç–µ—Ä—Ä–æ—Ä–∏—Å—Ç–∏—á–µ—Å–∫–∏—Ö –º–∞—Ç–µ—Ä–∏–∞–ª–æ–≤ —Å–æ –≤—Å–µ–≥–æ –º–∏—Ä–∞ ‚Äì –∏ –Ω–∏ –≤ –æ–¥–Ω–æ–π —Å—Ç—Ä–∞–Ω–µ Telegram –Ω–µ –±—ã–ª –∑–∞–±–ª–æ–∫–∏—Ä–æ–≤–∞–Ω –∑–∞ –Ω–µ—Å—É—â–µ—Å—Ç–≤—É—é—â—É—é ""–Ω–µ–π—Ç—Ä–∞–ª—å–Ω–æ—Å—Ç—å"" –≤ —ç—Ç–æ–º –≤–æ–ø—Ä–æ—Å–µ."
1832772,46244,2017-06-23 15:19:43,2963615,"–ü–∞—Ä–∞–¥–æ–∫—Å–∞–ª—å–Ω–æ, —á—Ç–æ –Ω–∞ –ø–æ–≤–µ—Å—Ç–∫–µ –¥–Ω—è –≤ –†–æ—Å—Å–∏–∏ –Ω–µ—Ç –±–ª–æ–∫–∏—Ä–æ–≤–∫–∏ –∫–æ–Ω—Ç—Ä–æ–ª–∏—Ä—É–µ–º—ã—Ö –°–®–ê Whatsapp –∏–ª–∏ Facebook Messenger, –Ω–æ –∞–∫—Ç–∏–≤–Ω–æ –æ–±—Å—É–∂–¥–∞–µ—Ç—Å—è –±–ª–æ–∫–∏—Ä–æ–≤–∫–∞ –Ω–µ–π—Ç—Ä–∞–ª—å–Ω–æ–≥–æ –ø–æ –æ—Ç–Ω–æ—à–µ–Ω–∏—é –∫ –†–æ—Å—Å–∏–∏ Telegram.   –ö–∞–∫ —Ç–æ–ª—å–∫–æ Telegram –±–ª–æ–∫–∏—Ä—É–µ—Ç—Å—è, –ø–µ—Ä–µ–ø–∏—Å–∫–∞ —Ä–æ—Å—Å–∏–π—Å–∫–∏—Ö —á–∏–Ω–æ–≤–Ω–∏–∫–æ–≤, –∏—Ö –æ–±—â–µ–Ω–∏–µ —Å –¥—Ä—É–∑—å—è–º–∏ –∏ —Ä–æ–¥—Å—Ç–≤–µ–Ω–Ω–∏–∫–∞–º–∏ –∏ –ø—Ä–æ—á–∏–µ —á—É–≤—Å—Ç–≤–∏—Ç–µ–ª—å–Ω—ã–µ –¥–∞–Ω–Ω—ã–µ —á–µ—Ä–µ–∑ WhatsApp/Viber –ø–µ—Ä–µ–π–¥—É—Ç –≤ –ø–æ–¥–∫–æ–Ω—Ç—Ä–æ–ª—å–Ω—ã–µ –ê–º–µ—Ä–∏–∫–µ –æ–±–ª–∞–∫–∞ Apple iCloud/Google Drive.   –ö–∞–∫–æ–π –≤ —ç—Ç–æ–º —Å–º—ã—Å–ª —Å —Ç–æ—á–∫–∏ –∑—Ä–µ–Ω–∏—è –Ω–∞—Ü–∏–æ–Ω–∞–ª—å–Ω–æ–π –±–µ–∑–æ–ø–∞—Å–Ω–æ—Å—Ç–∏ –†–æ—Å—Å–∏–∏? –°–æ —Å—Ç–æ—Ä–æ–Ω—ã –≤—ã–≥–ª—è–¥–∏—Ç –∫–∞–∫ –Ω–µ–∫–∏–π —Å–∞–±–æ—Ç–∞–∂ –≥–æ—Å—É–¥–∞—Ä—Å—Ç–≤–µ–Ω–Ω—ã—Ö –∏–Ω—Ç–µ—Ä–µ—Å–æ–≤."
1808611,6541,2017-06-02 00:24:20,2411383,"–ë—é–¥–∂–µ—Ç –∫–æ–Ω–∫—É—Ä—Å–∞ Instant View —É–≤–µ–ª–∏—á–µ–Ω –¥–æ $315,000 (—Ç–æ –µ—Å—Ç—å –æ–∫–æ–ª–æ 18 –º–ª–Ω. —Ä—É–±–ª–µ–π).   –ú–∏–Ω–∏–º–∞–ª—å–Ω—ã–π —Ä–∞–∑–º–µ—Ä –≤—ã–ø–ª–∞—Ç—ã –æ–¥–Ω–æ–º—É —É—á–∞—Å—Ç–Ω–∏–∫—É ‚Äì $200.  –ö–æ–ª–∏—á–µ—Å—Ç–≤–æ —Å–∞–π—Ç–æ–≤ —É–≤–µ–ª–∏—á–µ–Ω–æ –¥–æ 3000, —Ç–∞–∫ —á—Ç–æ —Ö–≤–∞—Ç–∏—Ç –≤—Å–µ–º.  –¢–æ—Ä–æ–ø–∏—Ç–µ—Å—å ‚Äì –±–æ–ª–µ–µ –ª–µ–≥–∫–æ–≥–æ —Å–ø–æ—Å–æ–±–∞ –∑–∞—Ä–∞–±–æ—Ç–∞—Ç—å –¥–µ–Ω–µ–≥ —ç—Ç–∏–º –ª–µ—Ç–æ–º –º–æ–∂–µ—Ç –∏ –Ω–µ –ø—Ä–µ–¥—Å—Ç–∞–≤–∏—Ç—å—Å—è. –ù–∞—á–∞—Ç—å —É—á–∞—Å—Ç–∏–µ –º–æ–∂–Ω–æ –≤ –ª—é–±–æ–π –º–æ–º–µ–Ω—Ç, –Ω–æ –¥–æ –æ–∫–æ–Ω—á–∞–Ω–∏—è –∫–æ–Ω–∫—É—Ä—Å–∞ –æ—Å—Ç–∞–ª–æ—Å—å –≤—Å–µ–≥–æ 17 –¥–Ω–µ–π.  –ü–µ—Ä–≤–æ–Ω–∞—á–∞–ª—å–Ω—ã–π –∞–Ω–æ–Ω—Å –∫–æ–Ω–∫—É—Ä—Å–∞ –≤ –í–ö ‚Äì https://vk.com/wall1_1790090 –û–±—Å—É–∂–¥–µ–Ω–∏–µ –≤ –í–ö ‚Äì https://vk.com/topic-55882680_35406586 –ü–æ–¥—Ä–æ–±–Ω–æ—Å—Ç–∏ ‚Äì https://instantview.telegram.org/rules"
1790090,13783,2017-05-19 04:47:50,2666529,"–° 19 –º–∞—è –¥–æ 18 –∏—é–Ω—è 2017 –≥–æ–¥–∞ –º—ã –ø—Ä–æ–≤–æ–¥–∏–º –∫–æ–Ω–∫—É—Ä—Å Instant View —Å —Å—É–º–º–∞—Ä–Ω—ã–º –±—é–¥–∂–µ—Ç–æ–º $200,000 ‚Äì –∏–ª–∏ 11,5 –º–ª–Ω —Ä—É–±. –ö —É—á–∞—Å—Ç–∏—é –ø—Ä–∏–≥–ª–∞—à–∞—é—Ç—Å—è –≤—Å–µ, –∫—Ç–æ —Ä–∞–∑–±–∏—Ä–∞–µ—Ç—Å—è –≤ HTML-–≤–µ—Ä—Å—Ç–∫–µ (–ª–∏–±–æ –≥–æ—Ç–æ–≤ –±—ã—Å—Ç—Ä–æ –≤ –Ω–µ–π —Ä–∞–∑–æ–±—Ä–∞—Ç—å—Å—è) –∏ –∑–Ω–∞–µ—Ç –∞–Ω–≥–ª–∏–π—Å–∫–∏–π —è–∑—ã–∫ (–ª–∏–±–æ –≥–æ—Ç–æ–≤ –±—ã—Å—Ç—Ä–æ –≤ –Ω–µ–º —Ä–∞–∑–æ–±—Ä–∞—Ç—å—Å—è).   Instant View ‚Äì –æ—Ç–æ–±—Ä–∞–∂–µ–Ω–∏–µ —Å—Å—ã–ª–æ–∫ –Ω–∞ —Å—Ç–∞—Ç—å–∏ –≤ —Å–æ–æ–±—â–µ–Ω–∏—è—Ö Telegram, –∫–æ—Ç–æ—Ä–æ–µ –Ω–µ —Ç—Ä–µ–±—É–µ—Ç –∑–∞–≥—Ä—É–∑–∫–∏ –∏ –∏–º–µ–µ—Ç –ø—Ä–µ–¥—Å–∫–∞–∑—É–µ–º—ã–π —Ñ–æ—Ä–º–∞—Ç.   –ó–∞–¥–∞—á–∞ ‚Äì –¥–æ 18 –∏—é–Ω—è —Å–æ–∑–¥–∞—Ç—å –º–∞–∫—Å–∏–º–∞–ª—å–Ω–æ–µ –∫–æ–ª–∏—á–µ—Å—Ç–≤–æ —à–∞–±–ª–æ–Ω–æ–≤ –¥–ª—è –ø—Ä–µ–æ–±—Ä–∞–∑–æ–≤–∞–Ω–∏—è —Å—Ç–∞—Ç–µ–π –Ω–∞ —Å–∞–π—Ç–∞—Ö –∏–∑–¥–∞–Ω–∏–π –≤ —Ñ–æ—Ä–º–∞—Ç Instant View, –æ–ø–∏—Å–∞–Ω–Ω—ã–π –ø–æ —Å—Å—ã–ª–∫–µ. –ó–∞ –∫–∞–∂–¥—ã–π –∫–æ—Ä—Ä–µ–∫—Ç–Ω—ã–π —à–∞–±–ª–æ–Ω –¥–ª—è –∏–∑–¥–∞–Ω–∏—è –∏–∑ —Å–ø–∏—Å–∫–∞ (–æ—Ç–ø—Ä–∞–≤–ª–µ–Ω–Ω—ã–π –ø–µ—Ä–≤—ã–º) –±—É–¥–µ—Ç –≤—ã–ø–ª–∞—á–µ–Ω–æ $100. –ö—Ä–æ–º–µ —Ç–æ–≥–æ, —É—á–∞—Å—Ç–Ω–∏–∫, –∑–∞–Ω—è–≤—à–∏–π –ø–µ—Ä–≤–æ–µ –º–µ—Å—Ç–æ, –¥–æ–ø–æ–ª–Ω–∏—Ç–µ–ª—å–Ω–æ –ø–æ–ª—É—á–∏—Ç $10,000, –∞ –∑–∞–Ω—è–≤—à–∏–π –≤—Ç–æ—Ä–æ–µ –º–µ—Å—Ç–æ ‚Äì $5,000. –ó–∞ –∫–∞–∂–¥—ã–π –¥–æ–∫–ª–∞–¥ –æ–± –æ—à–∏–±–∫–µ, –Ω–∞–π–¥–µ–Ω–Ω–æ–π –≤ —à–∞–±–ª–æ–Ω–∞—Ö –ø–æ–±–µ–¥–∏—Ç–µ–ª–µ–π, –±—É–¥–µ—Ç –≤—ã–ø–ª–∞—á–µ–Ω–æ $2.  –¢–∞–∫ –∫–∞–∫ —Ä—É—Å—Å–∫–æ—è–∑—ã—á–Ω—ã–µ —Ä–∞–∑—Ä–∞–±–æ—Ç—á–∏–∫–∏ –≤—Å–µ–≥–¥–∞ –±—ã–ª–∏ –ª—É—á—à–∏–º–∏, –Ω–∞ –Ω–∏—Ö –≤–æ–∑–ª–∞–≥–∞—é—Ç—Å—è –æ—Å–æ–±—ã–µ –Ω–∞–¥–µ–∂–¥—ã. –£—Å–ø–µ—Ö–æ–≤!"
1725537,69533,2017-04-17 17:06:20,4306121,"–î—Ä—É–∑—å—è –≤ —Å–æ—Ü–∏–∞–ª—å–Ω—ã—Ö —Å–µ—Ç—è—Ö ‚Äì —è–≤–ª–µ–Ω–∏–µ –∏–∑ 2010 –≥–æ–¥–∞. –í—Å–µ, –∫—Ç–æ –Ω—É–∂–µ–Ω, –¥–∞–≤–Ω–æ –≤ –º–µ—Å—Å–µ–Ω–¥–∂–µ—Ä–∞—Ö. –ü–æ–¥–¥–µ—Ä–∂–∏–≤–∞—Ç—å —É—Å—Ç–∞—Ä–µ–≤–∞—é—â–∏–µ —Å–ø–∏—Å–∫–∏ –¥—Ä—É–∑–µ–π –≤ –ø—É–±–ª–∏—á–Ω—ã—Ö —Å–µ—Ç—è—Ö –±–µ—Å—Å–º—ã—Å–ª–µ–Ω–Ω–æ –∏ –¥–æ–ª–≥–æ. –ß–∏—Ç–∞—Ç—å —á—å–∏-—Ç–æ –Ω–æ–≤–æ—Å—Ç–∏ ‚Äì –∑–∞—Å–æ—Ä–µ–Ω–∏–µ –º–æ–∑–≥–∞.   –ß—Ç–æ–±—ã —Ä–∞—Å—á–∏—Å—Ç–∏—Ç—å –º–µ—Å—Ç–æ –¥–ª—è –Ω–æ–≤–æ–≥–æ, –Ω—É–∂–Ω–æ –Ω–µ –±–æ—è—Ç—å—Å—è –∏–∑–±–∞–≤–ª—è—Ç—å—Å—è –æ—Ç —Å—Ç–∞—Ä–æ–≥–æ –±–∞–≥–∞–∂–∞ ‚Äì —É—Å—Ç–∞—Ä–µ–≤–∞—é—â–∏—Ö –∏–¥–µ–π, –ø—Ä–µ–¥—Å—Ç–∞–≤–ª–µ–Ω–∏–π, —Å–≤—è–∑–µ–π, –º–µ—Å—Ç —Ä–∞–±–æ—Ç—ã.   –ì–æ–≤–æ—Ä—è—Ç, —á—Ç–æ –ª—É—á—à–µ–µ ‚Äì –≤—Ä–∞–≥ —Ö–æ—Ä–æ—à–µ–≥–æ. –ù–æ –≤–µ—Ä–Ω–æ –∏ —Ç–æ, —á—Ç–æ —Ö–æ—Ä–æ—à–µ–µ ‚Äì –≤—Ä–∞–≥ –ª—É—á—à–µ–≥–æ. –ï–¥–∏–Ω—Å—Ç–≤–µ–Ω–Ω–∞—è –ø—Ä–µ–≥—Ä–∞–¥–∞ –Ω–∞ –ø—É—Ç–∏ –∫ –ª—É—á—à–µ–º—É ‚Äì —Ü–µ–ø–ª—è—Ç—å—Å—è –∑–∞ —Ç–æ —Ö–æ—Ä–æ—à–µ–µ, —á—Ç–æ —É–∂–µ –µ—Å—Ç—å."
1692967,8031,2017-04-04 21:46:51,2345003,t.me/addstickers/lazypanda
1684450,82022,2017-04-03 16:55:48,2652193,
1674764,20383,2017-04-01 14:41:10,2490983,–ö 1 –∞–ø—Ä–µ–ª—è –≤ –¢—Ä–∏–∂–¥—ã –ö—Ä–∞—Å–Ω–æ–∑–Ω–∞–º–µ–Ω–Ω—ã–π –∑–∞–≤–µ–∑–ª–∏ –Ω–æ–≤—ã–µ —Å—Ç–∏–∫–µ—Ä—ã.
1665636,7092,2017-03-30 16:16:22,1973349,–û–±–∑–æ—Ä –Ω–∞ —É–¥–∏–≤–ª–µ–Ω–∏–µ –≥–æ–¥–Ω—ã–π.
1652034,7993,2017-03-27 16:52:06,2208768,"–í –Ω–∞—á–∞–ª–µ –≥–æ–¥–∞ –æ–±–Ω—É–ª–∏–ª –≥—Ä–∞—Ñ—É ""–î—Ä—É–∑—å—è / –ü–æ–¥–ø–∏—Å–∫–∏"" –≤–æ –≤—Å–µ—Ö —Å–æ—Ü—Å–µ—Ç—è—Ö.  instagram.com/durov - 0  twitter.com/durov - 0  youtube.com/durov - 0  fb.com/durov - 0   –ù–∞ —ç—Ç–æ–π –Ω–µ–¥–µ–ª—é –æ–±–Ω—É–ª—é —Å–ø–∏—Å–æ–∫ –¥—Ä—É–∑–µ–π –∏ –∑–¥–µ—Å—å. –ï—Å–ª–∏ –í—ã —Å—Ä–µ–¥–∏ –Ω–∏—Ö –∏ —Ö–æ—Ç–∏—Ç–µ —Å–æ—Ö—Ä–∞–Ω–∏—Ç—å —Å–≤—è–∑—å - –ø–∏—à–∏—Ç–µ –ª–∏—á–Ω–æ–µ —Å–æ–æ–±—â–µ–Ω–∏–µ, –æ–±–º–µ–Ω—è–µ–º—Å—è –∫–æ–Ω—Ç–∞–∫—Ç–∞–º–∏ –≤ T."
1626060,16788,2017-03-23 01:19:34,2455493,
1591233,107422,2017-03-21 01:35:43,4459449,
1572867,31777,2017-03-19 10:54:01,2956683,"–ó–¥–µ—Å—å —Å–ª–∏—à–∫–æ–º –º–Ω–æ–≥–æ –∫–æ–º–º–µ–Ω—Ç–∞—Ä–∏–µ–≤, –ø–æ—á—Ç–∏ –Ω–µ —á–∏—Ç–∞—é. –ò–∑—Ä–µ–¥–∫–∞ —á–∏—Ç–∞—é –∫–æ–º–º–µ–Ω—Ç–∞—Ä–∏–∏ –Ω–∞ https://www.instagram.com/durov/ ‚Äì –ø–∏—à–∏—Ç–µ —Ç—É–¥–∞."
1524989,47748,2017-03-10 01:03:56,3734373,"–ö—Ä–∞—Å–Ω—ã–µ –¥–Ω–∏ –∫–∞–ª–µ–Ω–¥–∞—Ä—è ‚Äì –∏–Ω—Å—Ç—Ä—É–º–µ–Ω—Ç—ã –Ω–∞—Å–∞–∂–¥–µ–Ω–∏—è –∏–¥–µ–æ–ª–æ–≥–∏–∏ –∏ —Å—Ç–∏–º—É–ª—è—Ü–∏–∏ –ø–æ—Ç—Ä–µ–±–ª–µ–Ω–∏—è.   –ù–∏ —á–∏–Ω–æ–≤–Ω–∏–∫–∏, –Ω–∏ —Ç—Ä–∞–¥–∏—Ü–∏–∏, –Ω–∏ –æ–±—â–µ—Å—Ç–≤–æ –Ω–µ –≤–ø—Ä–∞–≤–µ —É–∫–∞–∑—ã–≤–∞—Ç—å —á–µ–ª–æ–≤–µ–∫—É, –∫–æ–≥–¥–∞ –µ–º—É —Ä–∞–±–æ—Ç–∞—Ç—å, –∫–æ–≥–¥–∞ –æ—Ç–¥—ã—Ö–∞—Ç—å, —á—Ç–æ –ø—Ä–∞–∑–¥–Ω–æ–≤–∞—Ç—å –∏ –∫–æ–≥–æ —Å —á–µ–º –ø–æ–∑–¥—Ä–∞–≤–ª—è—Ç—å."
1522046,13929,2017-03-09 03:20:39,3019610,–ë—ã—Å—Ç—Ä—ã–π –æ–ø—Ä–æ—Å –¥–ª—è –ø–æ–¥–ø–∏—Å—á–∏–∫–æ–≤. –ó–∞–≤—Ç—Ä–∞ –±—É–¥–µ—Ç –ø—Ä–∞–≤–∏–ª—å–Ω—ã–π –æ—Ç–≤–µ—Ç.
1503591,5511,2017-02-26 11:20:16,2160840,–í—ã—Ä–≤–∏–≥–ª–∞–∑–Ω—ã–µ? ü§î
1461460,18587,2017-02-03 14:57:50,2875207,"–ù–∞—á–∏–Ω–∞–µ–º –∫–æ–Ω–∫—É—Ä—Å –¥–ª—è –¥–∏–∑–∞–π–Ω–µ—Ä–æ–≤.  –î–∞—Ç–∞ –æ–∫–æ–Ω—á–∞–Ω–∏—è ‚Äì 15 —Ñ–µ–≤—Ä–∞–ª—è 2017 –≥–æ–¥–∞.  –ü—Ä–∏–∑–æ–≤–æ–π —Ñ–æ–Ω–¥ ‚Äì $10,000.  –ó–∞–¥–∞—á–∞ ‚Äì —Å–æ–∑–¥–∞—Ç—å –Ω–µ –≤—ã—Ä–≤–∏–≥–ª–∞–∑–Ω—ã–π —Å—Ç–∏–ª—å –æ—Ñ–æ—Ä–º–ª–µ–Ω–∏—è (—Ñ–æ–Ω + —Ü–≤–µ—Ç–∞ –∏–Ω—Ç–µ—Ä—Ñ–µ–π—Å–∞) –¥–ª—è –¥–µ—Å–∫—Ç–æ–ø–Ω–æ–π –≤–µ—Ä—Å–∏–∏ Telegram. –î–µ—Ç–∞–ª–∏ ‚Äì https://www.fl.ru/projects/3126297/konkurs-telegram-na-stili-oformleniya-dlya-desktopnoy-versii.html"
1295993,164215,2016-10-10 11:07:53,0,"–ü—Ä–æ—à–ª–æ 10 –ª–µ—Ç. –ü—É–±–ª–∏–∫—É—é 10 —É—Ä–æ–∫–æ–≤, –∫–æ—Ç–æ—Ä—ã–µ —è –ø–æ–ª—É—á–∏–ª –≤ –ø—Ä–æ—Ü–µ—Å—Å–µ —Å–æ–∑–¥–∞–Ω–∏—è –í–ö–æ–Ω—Ç–∞–∫—Ç–µ:  1. –í—Å–µ –º–æ–∂–Ω–æ –¥–µ–ª–∞—Ç—å –±—ã—Å—Ç—Ä–æ. –ü–µ—Ä–≤—É—é –≤–µ—Ä—Å–∏—é –í–ö–æ–Ω—Ç–∞–∫—Ç–µ –≤ 2006 –≥–æ–¥—É —è —Å–æ–±—Ä–∞–ª –∑–∞ –º–µ—Å—è—Ü. –†–∞—Å—Ç–∏ –æ–Ω–∞ —Å—Ç–∞–ª–∞ —Å—Ä–∞–∑—É. –í–æ–ø—Ä–µ–∫–∏ —Ä–∞—Å—Ö–æ–∂–µ–º—É –º–Ω–µ–Ω–∏—é, —Ä–∞–±–æ—Ç–∞ –¥–µ–ª–∞–µ—Ç—Å—è –ª–∏–±–æ –±—ã—Å—Ç—Ä–æ –∏ –∫–∞—á–µ—Å—Ç–≤–µ–Ω–Ω–æ, –ª–∏–±–æ –¥–æ–ª–≥–æ –∏ –ø–ª–æ—Ö–æ.  2. –í—Å–µ *–Ω—É–∂–Ω–æ* –¥–µ–ª–∞—Ç—å –±—ã—Å—Ç—Ä–æ. –í–º–µ—Å—Ç–µ —Å –í–ö–æ–Ω—Ç–∞–∫—Ç–µ –≤ 2006 –≥–æ–¥—É –≤–æ–∑–Ω–∏–∫–ª–æ –µ—â–µ –Ω–µ—Å–∫–æ–ª—å–∫–æ —Å–∞–π—Ç–æ–≤ —Å —Ç–æ–π –∂–µ –∫–æ–Ω—Ü–µ–ø—Ü–∏–µ–π. –°–µ–π—á–∞—Å –æ–Ω–∏ –∑–∞–±—ã—Ç—ã —Ç–æ–ª—å–∫–æ –ø–æ—Ç–æ–º—É, —á—Ç–æ –í–ö–æ–Ω—Ç–∞–∫—Ç–µ —Ä–∞–∑–≤–∏–≤–∞–ª—Å—è –±—ã—Å—Ç—Ä–µ–µ.  3. –†–∞—Å—Ç–∏ –Ω—É–∂–Ω–æ –≤ —Ç—É —Å—Ç–æ—Ä–æ–Ω—É, –∫–æ—Ç–æ—Ä–∞—è –æ—Ä–≥–∞–Ω–∏—á–Ω–∞. –í–ö–æ–Ω—Ç–∞–∫—Ç–µ –≤—ã—Ä–æ—Å –∏–∑ —É—Å–ø–µ—Ö–∞ —Ñ–æ—Ä—É–º–∞ –°–ü–±–ì–£, —Ñ–æ—Ä—É–º –°–ü–±–ì–£ ‚Äì –∏–∑ —É—Å–ø–µ—Ö–∞ —Å–∞–π—Ç–∞ –¥–ª—è —Ñ–∏–ª–æ–ª–æ–≥–æ–≤. –ö–∞–∂–¥–∞—è —Å–ª–µ–¥—É—é—â–∞—è —Å—Ç—É–ø–µ–Ω—å –¥–æ–ª–∂–Ω–∞ –æ—Å–Ω–æ–≤—ã–≤–∞—Ç—å—Å—è –Ω–∞ —Ñ—É–Ω–¥–∞–º–µ–Ω—Ç–µ –∏–º–µ—é—â–µ–≥–æ—Å—è —É—Å–ø–µ—à–Ω–æ–≥–æ –æ–ø—ã—Ç–∞.  4. –õ—é–¥–∏ ‚Äì –Ω–µ –∏–¥–∏–æ—Ç—ã. –û–Ω–∏ —á—É–≤—Å—Ç–≤—É—é—Ç ‚Äì —á–∞—Å—Ç–æ –ø–æ–¥—Å–æ–∑–Ω–∞—Ç–µ–ª—å–Ω–æ ‚Äì –∫–∞—á–µ—Å—Ç–≤–æ —Ç–æ–≥–æ, —á—Ç–æ –í—ã –ø—Ä–µ–¥–ª–∞–≥–∞–µ—Ç–µ. –ö–∞–∂–¥–∞—è –ø—Ä–∏—è—Ç–Ω–∞—è –º–µ–ª–æ—á—å –∏ –ø—Ä–æ–¥—É–º–∞–Ω–Ω–∞—è –¥–µ—Ç–∞–ª—å, —Å–∫–æ–ª—å –±—ã –Ω–µ—Å—É—â–µ—Å—Ç–≤–µ–Ω–Ω–æ–π –æ–Ω–∞ –Ω–∏ –∫–∞–∑–∞–ª–æ—Å—å, –ø—Ä–∏–Ω–æ—Å–∏—Ç –Ω–æ–≤—ã—Ö –ø—Ä–µ–¥–∞–Ω–Ω—ã—Ö –ø–æ–ª—å–∑–æ–≤–∞—Ç–µ–ª–µ–π.  5. C–æ–≤–º–µ—â–∞—Ç—å –Ω–µ—Å–∫–æ–ª—å–∫–æ —Ä–æ–ª–µ–π ‚Äì —ç—Ñ—Ñ–µ–∫—Ç–∏–≤–Ω–æ. –ü–µ—Ä–≤—ã–µ –º–µ—Å—è—Ü—ã —Å—É—â–µ—Å—Ç–≤–æ–≤–∞–Ω–∏—è –í–ö–æ–Ω—Ç–∞–∫—Ç–µ —è —Å–æ–∑–¥–∞–≤–∞–ª –≤–µ—Å—å –∫–æ–¥, –≥—Ä–∞—Ñ–∏–∫—É, —Ñ–æ—Ä–º—É–ª–∏—Ä–æ–≤–∫–∏, –∏–Ω—Ç–µ—Ä—Ñ–µ–π—Å—ã, –º–∞—Ä–∫–µ—Ç–∏–Ω–≥. –°–æ–≤–º–µ—â–µ–Ω–∏–µ –ø–æ–∑–≤–æ–ª–∏–ª–æ —É—Å—Ç—Ä–∞–Ω–∏—Ç—å —Ä–∞—Å—Ö–æ–¥ –≤—Ä–µ–º–µ–Ω–∏ –Ω–∞ –∫–æ–º–º—É–Ω–∏–∫–∞—Ü–∏—é.  6. –°–ª—É—à–∞—Ç—å —Å—Ç–æ–∏—Ç —Ç–æ–ª—å–∫–æ —Å–≤–æ—é –∏–Ω—Ç—É–∏—Ü–∏—é. –í—Å—è–∫–∏–π —Ä–∞–∑, –∫–æ–≥–¥–∞ —è –ø—Ä–∏—Å–ª—É—à–∏–≤–∞–ª—Å—è –∫ –º–Ω–µ–Ω–∏—é ‚Äú—Å—Ç–∞—Ä—à–∏—Ö –∏ —Ä–∞–∑—É–º–Ω—ã—Ö‚Äù, —è —Ç–µ—Ä—è–ª –≤—Ä–µ–º—è. –ï—Å–ª–∏ –í—ã —á—É–≤—Å—Ç–≤—É–µ—Ç–µ, —á—Ç–æ –Ω–∞–¥–æ –¥–µ–ª–∞—Ç—å, ‚Äì –∏–≥–Ω–æ—Ä–∏—Ä—É–π—Ç–µ –º–Ω–µ–Ω–∏–µ –∞–≤—Ç–æ—Ä–∏—Ç–µ—Ç–æ–≤.  7. –ö–æ–ª–∏—á–µ—Å—Ç–≤–æ –Ω–µ –ø–µ—Ä–µ—Ö–æ–¥–∏—Ç –≤ –∫–∞—á–µ—Å—Ç–≤–æ. –ö–æ–º–∞–Ω–¥–∞ –í–ö–æ–Ω—Ç–∞–∫—Ç–µ –±—ã–ª–∞ –Ω–µ–±–æ–ª—å—à–æ–π, –Ω–æ —Å–æ—Å—Ç–æ—è–ª–∞ –∏–∑ —Ç–∞–ª–∞–Ω—Ç–ª–∏–≤—ã—Ö –∏ –º–æ—Ç–∏–≤–∏—Ä–æ–≤–∞–Ω–Ω—ã—Ö –ª—é–¥–µ–π. –¢–∞–∫–∞—è –∫–æ–º–∞–Ω–¥–∞ —ç—Ñ—Ñ–µ–∫—Ç–∏–≤–Ω–µ–µ –∞—Ä–º–∏–∏ —Ä–∞–±–æ—Ç–∞—é—â–∏—Ö –∑–∞ –∑–∞—Ä–ø–ª–∞—Ç—É –Ω–∞–µ–º–Ω–∏–∫–æ–≤.  8. –î–æ–≤–µ—Ä—è—Ç—å –Ω–∞ 100% –Ω–∏–∫–æ–º—É –Ω–µ —Å—Ç–æ–∏—Ç. –ù–µ –∏–º–µ–µ—Ç –∑–Ω–∞—á–µ–Ω–∏—è, –Ω–∞—Å–∫–æ–ª—å–∫–æ –í—ã —Å—á–∏—Ç–∞–µ—Ç–µ –∫–æ–≥–æ-–ª–∏–±–æ –∑–∞—Å–ª—É–∂–∏–≤–∞—é—â–∏–º –¥–æ–≤–µ—Ä–∏—è –∏ —Å–∫–æ–ª—å–∫–æ –ª–µ—Ç –µ–≥–æ –∑–Ω–∞–µ—Ç–µ ‚Äì –∫–ª—é—á–µ–≤—ã–µ –≤–æ–ø—Ä–æ—Å—ã –ª—É—á—à–µ –∫–æ–Ω—Ç—Ä–æ–ª–∏—Ä–æ–≤–∞—Ç—å –ª–∏—á–Ω–æ.   9. –°—Ç—Ä–∞—Ö –Ω–µ –∏–º–µ–µ—Ç —Å–º—ã—Å–ª–∞. –ó–∞ –≤—Ä–µ–º—è —É–ø—Ä–∞–≤–ª–µ–Ω–∏—è –í–ö–æ–Ω—Ç–∞–∫—Ç–µ –±—ã–ª–æ –º–Ω–æ–≥–æ–µ ‚Äì DDoS-–∞—Ç–∞–∫–∏, —É–≥–æ–ª–æ–≤–Ω—ã–µ –¥–µ–ª–∞, –∞–∫—Ü–∏–æ–Ω–µ—Ä–Ω—ã–µ –≤–æ–π–Ω—ã, –ø–ª–∞–≤—è—â–∏–µ—Å—è —Å–µ—Ä–≤–µ—Ä–∞, –º–µ–¥–∏–π–Ω—ã–µ –≤–æ–π–Ω—ã, –∏—Å–∫–∏, –∏–Ω—Ç—Ä–∏–≥–∏. –≠–º–æ—Ü–∏–∏ –Ω–µ –ø—Ä–æ–¥—É–∫—Ç–∏–≤–Ω—ã ‚Äì –¥–µ–ª–∞–π—Ç–µ —Ç–æ, —á—Ç–æ –Ω—É–∂–Ω–æ —Å–¥–µ–ª–∞—Ç—å.  10. –ü—Ä–∏–Ω—Ü–∏–ø—ã –≤–∞–∂–Ω–µ–µ –≤—ã–≥–æ–¥—ã. –í–ö–æ–Ω—Ç–∞–∫—Ç–µ –æ—Ç—Å—Ç–∞–∏–≤–∞–ª –∏–Ω—Ç–µ—Ä–µ—Å—ã –ø–æ–ª—å–∑–æ–≤–∞—Ç–µ–ª–µ–π, –ø–æ–∫–∞ –µ–≥–æ –∫–æ–Ω–∫—É—Ä–µ–Ω—Ç—ã –ø—Ä–µ–¥–∞–≤–∞–ª–∏ –∏—Ö –≤ —É–≥–æ–¥—É —Ä–µ–∫–ª–∞–º–æ–¥–∞—Ç–µ–ª—è–º, –∞–∫—Ü–∏–æ–Ω–µ—Ä–∞–º, —á–∏–Ω–æ–≤–Ω–∏–∫–∞–º. –ü—Ä–∏–Ω–µ—Å–µ–Ω–∏–µ –±–ª–∞–≥–∞ –¥—Ä—É–≥–∏–º ‚Äì –µ–¥–∏–Ω—Å—Ç–≤–µ–Ω–Ω–æ –≤–æ–∑–º–æ–∂–Ω–∞—è –ø—Ä–∏—á–∏–Ω–∞ –∏—Å—Ç–∏–Ω–Ω–æ–≥–æ —É—Å–ø–µ—Ö–∞."
1237616,14603,2016-09-01 21:50:53,0,
1237612,6644,2016-09-01 21:50:33,0,
1184057,138481,2016-08-17 17:46:07,0,"7 –ø—Ä–µ—Ç–µ–Ω–∑–∏–π –∫ –Ω–æ–≤–æ–º—É –¥–∏–∑–∞–π–Ω—É –≤–µ–±-–≤–µ—Ä—Å–∏–∏ –í–ö–æ–Ω—Ç–∞–∫—Ç–µ:  1. –ì–ª–∞–≤–Ω—ã–π —Ä–∞–∑–¥–µ–ª —Å–∞–π—Ç–∞ ‚Äì –ù–æ–≤–æ—Å—Ç–∏ ‚Äì —Å—Ç–∞–ª–∏ —É–∂–µ. –ü–∞—Ä–∞–¥–æ–∫—Å–∞–ª—å–Ω–æ, —á—Ç–æ –Ω–µ–æ–±—Ö–æ–¥–∏–º–æ—Å—Ç—å —Ä–µ–¥–∏–∑–∞–π–Ω–∞ –æ–±–æ—Å–Ω–æ–≤—ã–≤–∞–ª–∞—Å—å —Å—Ç—Ä–µ–º–ª–µ–Ω–∏–µ–º –±–æ–ª–µ–µ —ç—Ñ—Ñ–µ–∫—Ç–∏–≤–Ω–æ –∏—Å–ø–æ–ª—å–∑–æ–≤–∞—Ç—å —ç–∫—Ä–∞–Ω. –ü–æ —Ñ–∞–∫—Ç—É, –µ—Å–ª–∏ —Å—Ä–∞–≤–Ω–∏—Ç—å —à–∏—Ä–∏–Ω—É –∑–∞–ø–∏—Å–µ–π –≤ —Å—Ç–∞—Ä–æ–π –∏ –Ω–æ–≤–æ–π –≤–µ—Ä—Å–∏–∏, –Ω–æ–≤–æ—Å—Ç–∏ –ª–∏—à—å —Å—É–∑–∏–ª–∏—Å—å –Ω–∞ 28px.  2. –ù–æ–≤–æ—Å—Ç–∏ ‚Äì –∫–∞–∫ –∏ –≤—Å–µ –æ—Å—Ç–∞–ª—å–Ω—ã–µ —Ä–∞–∑–¥–µ–ª—ã ‚Äì —Å—Ç–∞–ª–∏ –Ω–∏–∂–µ –Ω–∞ 42px. –ò–∑-–∑–∞ —Ñ–∏–∫—Å–∏—Ä–æ–≤–∞–Ω–Ω–æ–π —à–∞–ø–∫–∏ –≤–µ—Ä—Ç–∏–∫–∞–ª—å–Ω–æ–µ –ø—Ä–æ—Å—Ç—Ä–∞–Ω—Å—Ç–≤–æ —Å–∞–π—Ç–∞ —Å—Ç–∞–ª–æ –º–µ–Ω—å—à–µ, –Ω—É–∂–Ω–æ –±–æ–ª—å—à–µ –ø—Ä–æ–º–∞—Ç—ã–≤–∞—Ç—å. –≠—Ç–æ —Å–µ—Ä—å–µ–∑–Ω–æ–µ –∏–∑–º–µ–Ω–µ–Ω–∏–µ –∫ —Ö—É–¥—à–µ–º—É: –∏–º–µ–Ω–Ω–æ –≤–µ—Ä—Ç–∏–∫–∞–ª—å–Ω—ã–π —Å–∫—Ä–æ–ª–ª –ø—Ä–µ–¥—Å—Ç–∞–≤–ª—è–µ—Ç —Å–æ–±–æ–π –¥–µ—Ñ–∏—Ü–∏—Ç –Ω–∞ –±–æ–ª—å—à–∏–Ω—Å—Ç–≤–µ –¥–∏—Å–ø–ª–µ–µ–≤.  3. –ü—Ä–∏ –ø—Ä–æ—Å–º–æ—Ç—Ä–µ –≥–ª–∞–≤–Ω–æ–≥–æ —Ä–∞–∑–¥–µ–ª–∞ —Å–∞–π—Ç–∞ ‚Äì –ù–æ–≤–æ—Å—Ç–µ–π ‚Äì —É—Ç—Ä–∞—á–∏–≤–∞–µ—Ç—Å—è —Ñ–æ–∫—É—Å –Ω–∞ –∫–æ–Ω—Ç–µ–Ω—Ç–µ. –í –Ω–æ–≤–æ–π –≤–µ—Ä—Å–∏–∏ –≤–æ–∑–Ω–∏–∫ –≤–∏–∑—É–∞–ª—å–Ω—ã–π –º—É—Å–æ—Ä –≤ –≤–∏–¥–µ —Ä–µ–¥–∫–æ –∏—Å–ø–æ–ª—å–∑—É–µ–º–æ–π —Ñ–∏–∫—Å–∏—Ä–æ–≤–∞–Ω–Ω–æ–π –ø—Ä–∞–≤–æ–π –∫–æ–ª–æ–Ω–∫–∏. –° —É—á–µ—Ç–æ–º —Ñ–∏–∫—Å–∏—Ä–æ–≤–∞–Ω–Ω–æ–π —à–∞–ø–∫–∏ –∏ —É–∑–∫–æ–π —à–∏—Ä–∏–Ω—ã, –ø—Ä–æ—Å–º–æ—Ç—Ä –Ω–æ–≤–æ—Å—Ç–µ–π —Å—Ç–∞–ª –≤–¥–≤–æ–π–Ω–µ –∑–∞—Ö–ª–∞–º–ª–µ–Ω.  4. –ü—Ä–∏ –ø—Ä–æ—Å–º–æ—Ç—Ä–µ —Ñ–æ—Ç–æ–≥—Ä–∞—Ñ–∏–π —É—Ç—Ä–∞—á–µ–Ω —Ñ–æ–∫—É—Å –Ω–∞ —Å–∞–º–æ–π –∫–∞—Ä—Ç–∏–Ω–∫–µ. –§–æ—Ç–æ–≥—Ä–∞—Ñ–∏–∏ —Å–º–µ—â–µ–Ω—ã –≤–ª–µ–≤–æ, –∞ —è—Ä–∫–æ–µ –ø—è—Ç–Ω–æ –±–µ–ª–æ–π –∫–æ–ª–æ–Ω–∫–∏ –∫–æ–º–º–µ–Ω—Ç–∞—Ä–∏–µ–≤, –ø–æ—è–≤–∏–≤—à–µ–π—Å—è —Å–ø—Ä–∞–≤–∞, –ø–µ—Ä–µ—Ç—è–≥–∏–≤–∞–µ—Ç –Ω–∞ —Å–µ–±—è —Ñ–æ–∫—É—Å –≤–Ω–∏–º–∞–Ω–∏—è. –≠—Ç–æ —Ä–µ—à–µ–Ω–∏–µ –±—ã–ª–æ —Å–∫–æ–ø–∏—Ä–æ–≤–∞–Ω–æ c Facebook, –∫–æ—Ç–æ—Ä—ã–π –≤ —Å–≤–æ–µ –≤—Ä–µ–º—è –≤–≤–µ–ª –ø—Ä–∞–≤—É—é –∫–æ–ª–æ–Ω–∫—É –¥–ª—è —Ä–∞–∑–º–µ—â–µ–Ω–∏—è –¥–æ–ø–æ–ª–Ω–∏—Ç–µ–ª—å–Ω—ã—Ö —Ä–µ–∫–ª–∞–º–Ω—ã—Ö –±–ª–æ–∫–æ–≤.   5. –°—Ç–∞—Ç–∏—á–Ω–∞—è –ª–µ–≤–∞—è –∫–æ–ª–æ–Ω–∫–∞ –ø—Ä–∏ –ø—Ä–æ–º–æ—Ç–∫–µ —Å—Ç–∞—Ä—ã—Ö –∑–∞–ø–∏—Å–µ–π –ª–∏—á–Ω—ã—Ö —Å—Ç—Ä–∞–Ω–∏—Ü –Ω–µ —Ç–æ–ª—å–∫–æ –Ω–µ –¥–∞–µ—Ç –Ω—É–∂–Ω–æ–π –∏–Ω—Ñ–æ—Ä–º–∞—Ü–∏–∏, –Ω–æ –∏ —Å—É–∂–∞–µ—Ç –≥–æ—Ä–∏–∑–æ–Ω—Ç–∞–ª—å–Ω–æ–µ –ø—Ä–æ—Å—Ç—Ä–∞–Ω—Å—Ç–≤–æ –¥–ª—è –ø—Ä–æ—Å–º–æ—Ç—Ä–∞ –∑–∞–ø–∏—Å–µ–π –ø–æ —Å—Ä–∞–≤–Ω–µ–Ω–∏—é —Å–æ —Å—Ç–∞—Ä–æ–π –≤–µ—Ä—Å–∏–µ–π. –ê–Ω–∞–ª–æ–≥–∏—á–Ω–∞—è —Å–∏—Ç—É–∞—Ü–∏—è ‚Äì –ø—Ä–∏ –ø—Ä–æ—Å–º–æ—Ç—Ä–µ –∑–∞–ø–∏—Å–µ–π –≤ –≥—Ä—É–ø–ø–∞—Ö –∏ –ø–∞–±–ª–∏–∫–∞—Ö.   6. –ó–∞–º–µ–Ω–∞ –±–µ–ª–æ–≥–æ —Ü–≤–µ—Ç–∞ —Ñ–æ–Ω–∞ –Ω–∞ —Å–µ—Ä—ã–π –Ω–µ —Ç–æ–ª—å–∫–æ —É–º–µ–Ω—å—à–∏–ª–∞ –æ—â—É—â–µ–Ω–∏–µ —á–∏—Å—Ç–æ—Ç—ã –∏ –º–∏–Ω–∏–º–∞–ª–∏–∑–º–∞, –Ω–æ –∏ –≤ —Ü–µ–ª–æ–º —Å–¥–µ–ª–∞–ª–∞ —Å–∞–π—Ç –±–æ–ª–µ–µ –≥—Ä—É—Å—Ç–Ω—ã–º –∏ –ø–∞—Å–º—É—Ä–Ω—ã–º. –ü–æ—è–≤–∏–≤—à–∏–µ—Å—è —Å–∏–∑—ã–µ –∏–∫–æ–Ω–∫–∏ –Ω–∞ —Å–µ—Ä–æ–º –º–µ–Ω—é —Å–ª–µ–≤–∞ –Ω–∞ –≤—Å–µ—Ö —Å—Ç—Ä–∞–Ω–∏—Ü–∞—Ö –∏–∑–±—ã—Ç–æ—á–Ω—ã –∏ –ø—Ä–µ–¥—Å—Ç–∞–≤–ª—è—é—Ç —Å–æ–±–æ–π –≤–∏–∑—É–∞–ª—å–Ω—ã–π –º—É—Å–æ—Ä.  7. –°—Ç–∞—Ä—ã–π –ª–æ–≥–æ—Ç–∏–ø ‚Äú–í–ö–æ–Ω—Ç–∞–∫—Ç–µ‚Äù –≤ —Å–∏–ª—É –∫–æ–º–ø–æ–∑–∏—Ü–∏–∏ –ª—É—á—à–µ –≤–ø–∏—Å—ã–≤–∞–ª—Å—è –≤ –≥–æ—Ä–∏–∑–æ–Ω—Ç–∞–ª—å–Ω—É—é —à–∞–ø–∫—É, —á–µ–º –Ω–æ–≤—ã–π –ª–æ–≥–æ—Ç–∏–ø ‚ÄúVK‚Äù. –Ø –Ω–∞—Ä–∏—Å–æ–≤–∞–ª –æ–±–∞ –ª–æ–≥–æ—Ç–∏–ø–∞ –¥–æ—Å—Ç–∞—Ç–æ—á–Ω–æ –¥–∞–≤–Ω–æ (–ø–µ—Ä–≤—ã–π –æ–∫–æ–ª–æ 10 –ª–µ—Ç –Ω–∞–∑–∞–¥, –≤—Ç–æ—Ä–æ–π ‚Äì –æ–∫–æ–ª–æ 5), –Ω–æ –≤ —Ä—É—Å—Å–∫–æ—è–∑—ã—á–Ω–æ–π –≤–µ—Ä—Å–∏–∏ –Ω–µ –∑–∞–º–µ–Ω—è–ª —Å—Ç–∞—Ä—ã–π –ª–æ–≥–æ—Ç–∏–ø –º–µ–∂–¥—É–Ω–∞—Ä–æ–¥–Ω—ã–º –∏–º–µ–Ω–Ω–æ –≤ —Å–∏–ª—É —ç—Ç–æ–≥–æ ‚Äì –¥–æ—Å—Ç–∞—Ç–æ—á–Ω–æ –æ—á–µ–≤–∏–¥–Ω–æ–≥–æ ‚Äì –æ–±—Å—Ç–æ—è—Ç–µ–ª—å—Å—Ç–≤–∞.  –ò—Ç–æ–≥: —Å—Ç–∞—Ä—ã–π –¥–∏–∑–∞–π–Ω –í–ö–æ–Ω—Ç–∞–∫—Ç–µ, –Ω–µ –º–µ–Ω—è–≤—à–∏–π—Å—è –Ω–µ—Å–∫–æ–ª—å–∫–æ –ª–µ—Ç, –±–µ–∑—É—Å–ª–æ–≤–Ω–æ, –Ω—É–∂–¥–∞–ª—Å—è –≤ —Ä—è–¥–µ –¥–æ—Ä–∞–±–æ—Ç–æ–∫ –∏ —ç—Å—Ç–µ—Ç–∏—á–µ—Å–∫–æ–º –ø–µ—Ä–µ–æ—Å–º—ã—Å–ª–µ–Ω–∏–∏ –≤ —Ä–∞–º–∫–∞—Ö –Ω–æ–≤—ã—Ö —Å—Ç–∏–ª–µ–π. –û–¥–Ω–∞–∫–æ –ø—Ä–æ–≤–µ–¥–µ–Ω–Ω—ã–π —Ä–µ–¥–∏–∑–∞–π–Ω –Ω–µ —Ç–æ–ª—å–∫–æ –Ω–µ —Å–æ–æ—Ç–≤–µ—Ç—Å—Ç–≤—É–µ—Ç —Å—Ç–∞–Ω–¥–∞—Ä—Ç–∞–º 15-16 –≥–æ–¥–∞ (—Ç–∞–∫–∏–º, –∫–∞–∫ Material), –Ω–æ –∏ —Å–Ω–∏–∂–∞–µ—Ç —é–∑–∞–±–µ–ª—å–Ω–æ—Å—Ç—å —Ä–µ—Å—É—Ä—Å–∞.   –í—Å–µ –ø–µ—Ä–µ—á–∏—Å–ª–µ–Ω–Ω—ã–µ —ç–ª–µ–º–µ–Ω—Ç—ã –Ω–æ–≤–æ–≥–æ –¥–∏–∑–∞–π–Ω–∞ –±—ã–ª–∏ –≤—Å–ª–µ–ø—É—é —Å–∫–æ–ø–∏—Ä–æ–≤–∞–Ω—ã —Å –§–µ–π—Å–±—É–∫–∞ –æ–±—Ä–∞–∑—Ü–∞ 2012. –§–µ–π—Å–±—É–∫ –≤ —ç—Ç–∏ –≥–æ–¥—ã –±—ã–ª –≤—ã–Ω—É–∂–¥–µ–Ω –Ω–∞—Ä–∞—â–∏–≤–∞—Ç—å –ø—Ä–∏–±—ã–ª—å–Ω–æ—Å—Ç—å –≤ —Ä–∞–º–∫–∞—Ö IPO, –ø–æ—ç—Ç–æ–º—É –≤ –ø—Ä–æ–µ–∫—Ç–∏—Ä–æ–≤–∞–Ω–∏–∏ –¥–∏–∑–∞–π–Ω–∞ –∂–µ—Ä—Ç–≤–æ–≤–∞–ª –∏–Ω—Ç–µ—Ä–µ—Å–∞–º–∏ –ø–æ–ª—å–∑–æ–≤–∞—Ç–µ–ª–µ–π —Ä–∞–¥–∏ –¥–æ–±–∞–≤–ª–µ–Ω–∏—è –Ω–æ–≤—ã—Ö —Ä–µ–∫–ª–∞–º–Ω—ã—Ö –±–ª–æ–∫–æ–≤. –û—Ç—Å—é–¥–∞ –ø–æ—è–≤–∏–ª–∞—Å—å –∏ –ø—Ä–∞–≤–∞—è –∫–æ–ª–æ–Ω–∫–∞ –≤ –ù–æ–≤–æ—Å—Ç—è—Ö –∏ –§–æ—Ç–æ–≥—Ä–∞—Ñ–∏—è—Ö, –∏ —Å–Ω–∏–∂–µ–Ω–∏–µ —Ñ–æ–∫—É—Å–∞ –Ω–∞ –∫–æ–Ω—Ç–µ–Ω—Ç–µ —Ä–∞–¥–∏ —Ä–µ–∫–ª–∞–º—ã.   –°–µ–≥–æ–¥–Ω—è, –∫–æ–≥–¥–∞ –º–æ–Ω–µ—Ç–∏–∑–∞—Ü–∏—è –í–ö–æ–Ω—Ç–∞–∫—Ç–µ –ø–µ—Ä–µ–Ω–æ—Å–∏—Ç—Å—è –≤ ‚Äú—É–º–Ω—É—é‚Äù –ª–µ–Ω—Ç—É –∏ –º–æ–±–∏–ª—å–Ω—ã–µ –∫–ª–∏–µ–Ω—Ç—ã, –ø–æ–¥–æ–±–Ω—ã–µ —à–∞–≥–∏ –Ω–µ –æ–±–æ—Å–Ω–æ–≤–∞–Ω—ã. –í 2016–º –≥–æ–¥—É Facebook –¥–æ–ª–∂–µ–Ω –±—ã–ª –∫–æ–ø–∏—Ä–æ–≤–∞—Ç—å –Ω–∞—Ä–∞–±–æ—Ç–∫–∏ –í–ö–æ–Ω—Ç–∞–∫—Ç–µ, –∞ –Ω–µ –Ω–∞–æ–±–æ—Ä–æ—Ç."
1133071,10444,2016-07-21 17:11:59,0,–ò –∫ –±–æ–ª–µ–µ –Ω–∞—Å—É—â–Ω–æ–º—É –≤–æ–ø—Ä–æ—Å—É: —á—Ç–æ –ø—Ä–∏–¥–µ—Ç –Ω–∞ –∑–∞–º–µ–Ω—É KickassTorrents?   https://lenta.ru/news/2016/07/21/the_best_torrent/
1108590,6055,2016-07-05 19:54:33,0,
1023110,21881,2016-05-21 02:29:27,0,"–õ—é–±–æ–ø—ã—Ç–Ω—ã —Ä–µ–∑—É–ª—å—Ç–∞—Ç—ã –Ω—ã–Ω–µ—à–Ω–µ–≥–æ —á–µ–º–ø–∏–æ–Ω–∞—Ç–∞ –º–∏—Ä–∞ –ø–æ –ø—Ä–æ–≥—Ä–∞–º–º–∏—Ä–æ–≤–∞–Ω–∏—é: –Ω–∞ –ø–µ—Ä–≤–æ–º –º–µ—Å—Ç–µ ‚Äì –°–∞–Ω–∫—Ç-–ü–µ—Ç–µ—Ä–±—É—Ä–≥ (–°–ü–±–ì–£), –≤ –ø–µ—Ä–≤–æ–π –¥–µ—Å—è—Ç–∫–µ ‚Äì 5 –∫–æ–º–∞–Ω–¥ –∏–∑ –†–æ—Å—Å–∏–∏, 2 –∏–∑ –ü–æ–ª—å—à–∏, –æ–¥–Ω–∞ –∏–∑ –ö–∏—Ç–∞—è –∏ –¥–≤–µ –∏–∑ –°–®–ê.    –¢–∞–∫ –∫–∞–∫ –æ–±–µ –∫–æ–º–∞–Ω–¥—ã –∏–∑ –°–®–ê –Ω–∞ 100% —Å–æ—Å—Ç–æ—è—Ç –∏–∑ —ç—Ç–Ω–∏—á–µ—Å–∫–∏—Ö –∫–∏—Ç–∞–π—Ü–µ–≤, –º–æ–∂–Ω–æ –∫–æ–Ω—Å—Ç–∞—Ç–∏—Ä–æ–≤–∞—Ç—å, —á—Ç–æ –ø—Ä–∏–∑–æ–≤—ã–µ –º–µ—Å—Ç–∞ –≤ —á–µ–º–ø–∏–æ–Ω–∞—Ç–µ –º–∏—Ä–∞ –ø–æ –ø—Ä–æ–≥—Ä–∞–º–º–∏—Ä–æ–≤–∞–Ω–∏—é —Å–Ω–æ–≤–∞ –ø–æ–¥–µ–ª–µ–Ω—ã –º–µ–∂–¥—É —Å–ª–∞–≤—è–Ω–∞–º–∏ –∏ –∫–∏—Ç–∞–π—Ü–∞–º–∏.   –í —Å—Ç—Ä–∞–Ω–∞—Ö —Å –≥—Ä–∞–º–æ—Ç–Ω–æ–π —ç–∫–æ–Ω–æ–º–∏—á–µ—Å–∫–æ–π –ø–æ–ª–∏—Ç–∏–∫–æ–π —Ç–∞–ª–∞–Ω—Ç –ø—Ä–æ–≥—Ä–∞–º–º–∏—Å—Ç–æ–≤ –æ–±—ã—á–Ω–æ –∫–æ–Ω–≤–µ—Ä—Ç–∏—Ä—É–µ—Ç—Å—è –≤ –∏–Ω–Ω–æ–≤–∞—Ü–∏–∏. –ò–º–µ–Ω–Ω–æ –ø–æ—ç—Ç–æ–º—É –Ω–æ–≤—ã–µ —Ç–µ—Ö–Ω–æ–ª–æ–≥–∏–∏ –≤—Å–µ —á–∞—â–µ –ø–æ—è–≤–ª—è—é—Ç—Å—è –≤ –ö–∏—Ç–∞–µ, –∞ –Ω–µ –≤ –°–®–ê."
1011991,60253,2016-05-16 12:13:18,0,–†–∞–∑–±–∞–Ω–∏–ª–∏ Instagram?   https://www.instagram.com/p/BFb_2iDr7Qv/ http://instagramvk.com/p/BFb_2iDr7Qv/
981404,6931,2016-04-27 19:02:36,0,
968724,16166,2016-04-22 01:50:57,0,"–í –Ω–∞—á–∞–ª–µ –Ω–µ–¥–µ–ª–∏ –æ–±—ä—è–≤–∏–º –æ –Ω–æ–≤–æ–º –∫–æ–Ω–∫—É—Ä—Å–µ –¥–ª—è Android-—Ä–∞–∑—Ä–∞–±–æ—Ç—á–∏–∫–æ–≤ –∏–∑ –†–æ—Å—Å–∏–∏, –£–∫—Ä–∞–∏–Ω—ã –∏ –ë–µ–ª–æ—Ä—É—Å—Å–∏–∏. –°—É–º–º–∞—Ä–Ω—ã–π –ø—Ä–∏–∑–æ–≤–æ–π —Ñ–æ–Ω–¥ —Å–æ—Å—Ç–∞–≤–∏—Ç 1,000,000 —Ä—É–±–ª–µ–π. –î–ª–∏—Ç–µ–ª—å–Ω–æ—Å—Ç—å ‚Äì 2 –Ω–µ–¥–µ–ª–∏."
963124,19830,2016-04-18 23:30:57,0,"–í —ç—Ç–æ–º –≥–æ–¥—É –º—ã —Ä–∞—Å–ø—Ä–µ–¥–µ–ª–∏–º $1,000,000 –≤ –≤–∏–¥–µ –±–µ–∑–≤–æ–∑–º–µ–∑–¥–Ω—ã—Ö –≥—Ä–∞–Ω—Ç–æ–≤ –∞–≤—Ç–æ—Ä–∞–º –ª—É—á—à–∏—Ö –±–æ—Ç–æ–≤ –¥–ª—è Telegram. –î–ª—è –ø–æ–ª—É—á–µ–Ω–∏—è –≥—Ä–∞–Ω—Ç–∞ –æ—Ç $25,000 –¥–æ—Å—Ç–∞—Ç–æ—á–Ω–æ —Å–æ–∑–¥–∞—Ç—å –∫–∞—á–µ—Å—Ç–≤–µ–Ω–Ω–æ–≥–æ –±–æ—Ç–∞ –∏ –æ—Ç–ø—Ä–∞–≤–∏—Ç—å —Å–æ–æ–±—â–µ–Ω–∏–µ —Å–æ —Å—Å—ã–ª–∫–æ–π –Ω–∞ –Ω–µ–≥–æ –ø–æ –∞–¥—Ä–µ—Å—É telegram.me/BotSupport —Å —Ç—ç–≥–æ–º #botprize.  –ö—Ä–∏—Ç–µ—Ä–∏–∏ –ø—Ä–∏ –æ—Ç–±–æ—Ä–µ –ø–æ–±–µ–¥–∏—Ç–µ–ª–µ–π –≥—Ä–∞–Ω—Ç–∞ ‚Äì —Å–∫–æ—Ä–æ—Å—Ç—å, —Å—Ç–∞–±–∏–ª—å–Ω–æ—Å—Ç—å, –≤–æ—Å—Ç—Ä–µ–±–æ–≤–∞–Ω–Ω–æ—Å—Ç—å, –∏—Å–ø–æ–ª—å–∑–æ–≤–∞–Ω–∏–µ —É–Ω–∏–∫–∞–ª—å–Ω—ã—Ö –≤–æ–∑–º–æ–∂–Ω–æ—Å—Ç–µ–π Bot API. –Ø–∑—ã–∫ ‚Äì –∞–Ω–≥–ª–∏–π—Å–∫–∏–π. –ù–∞–ø—Ä–∞–≤–ª–µ–Ω–∏–µ –º–æ–∂–µ—Ç –±—ã—Ç—å –ª—é–±—ã–º ‚Äì –æ—Ç –ø–ª–∞—Ç–µ–∂–Ω—ã—Ö —Å–∏—Å—Ç–µ–º –∏ –∏–Ω—Ç–µ–≥—Ä–∞—Ü–∏–∏ —Å–µ—Ä–≤–∏—Å–æ–≤ –¥–ª—è —Ä–∞–±–æ—Ç—ã –¥–æ —Ä–∞–∑–≤–ª–µ—á–µ–Ω–∏–π –∏ –¥–µ–π—Ç–∏–Ω–≥–∞."
953020,8126,2016-04-12 15:50:21,0,Telegram –æ–±—ä—è–≤–∏–ª –æ –ø–µ—Ä–≤–æ–º –º–∞—Å—à—Ç–∞–±–Ω–æ–º –æ–±–Ω–æ–≤–ª–µ–Ω–∏–∏ –±–æ—Ç-–ø–ª–∞—Ç—Ñ–æ—Ä–º—ã
846065,30777,2016-02-25 20:32:16,0,
815649,41174,2016-02-11 21:44:28,0,"–ó–∞–ø—É—Å–∫–∞–µ–º –∫–æ–Ω–∫—É—Ä—Å —Å—Ä–µ–¥–∏ —Ö—É–¥–æ–∂–Ω–∏–∫–æ–≤ –°–ù–ì –Ω–∞ —Å–æ–∑–¥–∞–Ω–∏–µ —Å—Ç–∏–∫–µ—Ä–æ–≤. –°—É–º–º–∞—Ä–Ω—ã–π –±—é–¥–∂–µ—Ç ‚Äì $20,000. –°—Ä–æ–∫–∏ ‚Äì —Å 11 –ø–æ 25 —Ñ–µ–≤—Ä–∞–ª—è.   –¶–µ–ª—å ‚Äì –æ—Ç–æ–±—Ä–∞—Ç—å –ø—É–ª —Ö—É–¥–æ–∂–Ω–∏–∫–æ–≤-–ø–æ–±–µ–¥–∏—Ç–µ–ª–µ–π, —á—å–∏ —Å—Ç–∏–∫–µ—Ä—ã –±—É–¥—É—Ç –æ–ø–ª–∞—á–µ–Ω—ã –ø–æ $80 / —à—Ç—É–∫–∞ (~6400 —Ä—É–±–ª–µ–π). –°—Ç–∏–∫–µ—Ä—ã –±—É–¥—É—Ç –∏—Å–ø–æ–ª—å–∑–æ–≤–∞—Ç—å—Å—è –æ—Ñ–∏—Ü–∏–∞–ª—å–Ω—ã–º –∞–∫–∫–∞—É–Ω—Ç–æ–º Telegram –¥–ª—è –æ–±—â–µ–Ω–∏—è —Å –ø–æ–ª—å–∑–æ–≤–∞—Ç–µ–ª—è–º–∏.   –ü–æ–¥—Ä–æ–±–Ω–æ—Å—Ç–∏ ‚Äì https://www.fl.ru/projects/2658763/konkurs-na-sozdanie-stikerov-dlya-telegram.html  –ñ—é—Ä–∏ –≤–æ–∑–≥–ª–∞–≤–∏—Ç –∞–≤—Ç–æ—Ä —ç—Ç–æ–π –∫–∞—Ä—Ç–∏–Ω–∫–∏:"
814719,9918,2016-02-11 18:43:12,0,
795456,10771,2016-02-02 20:58:45,0,
792767,5196,2016-02-01 21:24:30,0,
730207,130062,2016-01-11 22:20:14,0,–ü—Ä–æ–≤–µ—Ä–∫–∞ —Å—Å—ã–ª–æ–∫ –Ω–∞ Instagram:  http://www.instagramvk.com/durov/ https://www.instagram.com/p/BAaLBEYr7ZQ/
677448,24263,2015-12-24 21:26:23,0,"–ë—É–¥—É—â–∏–π —Å–æ–≤–µ—Ç–Ω–∏–∫ –ø—Ä–µ–∑–∏–¥–µ–Ω—Ç–∞ —Å—Å—ã–ª–∞–µ—Ç—Å—è –Ω–∞ –Ω–µ—Å—É—â–µ—Å—Ç–≤—É—é—â–∏–π –∑–∞–ø–∞–¥–Ω—ã–π –æ–ø—ã—Ç: –Ω–∏ –≤ –ì–µ—Ä–º–∞–Ω–∏–∏, –Ω–∏ –≤–æ –§—Ä–∞–Ω—Ü–∏–∏, –Ω–∏ –≤ –°–®–ê –Ω–µ –∑–∞–ø—Ä–µ—â–µ–Ω—ã –±–µ–∑–æ–ø–∞—Å–Ω—ã–µ —Å–ø–æ—Å–æ–±—ã –æ–±—â–µ–Ω–∏—è. –ü—Ä–∏—á–∏–Ω–∞ –ø—Ä–æ—Å—Ç–∞: —Ç–µ—Ö–Ω–∏—á–µ—Å–∫–∏ –Ω–µ–≤–æ–∑–º–æ–∂–Ω–æ –ª–∏—à–∏—Ç—å –±–µ–∑–æ–ø–∞—Å–Ω–æ–≥–æ –æ–±—â–µ–Ω–∏—è —Ç–æ–ª—å–∫–æ —Ç–µ—Ä—Ä–æ—Ä–∏—Å—Ç–æ–≤, –Ω–µ –ø–æ—Å—Ç–∞–≤–∏–≤ –ø–æ–¥ —É–¥–∞—Ä –ª–∏—á–Ω—É—é –ø–µ—Ä–µ–ø–∏—Å–∫—É –≤—Å–µ—Ö –∑–∞–∫–æ–Ω–æ–ø–æ—Å–ª—É—à–Ω—ã—Ö –≥—Ä–∞–∂–¥–∞–Ω.  –í —Ä–æ—Å—Å–∏–π—Å–∫–∏—Ö —É—Å–ª–æ–≤–∏—è—Ö –¥–æ—Å—Ç—É–ø –ø—Ä–∞–≤–æ–æ—Ö—Ä–∞–Ω–∏—Ç–µ–ª–µ–π –∫ –ª–∏—á–Ω–æ–π –ø–µ—Ä–µ–ø–∏—Å–∫–µ –≥—Ä–∞–∂–¥–∞–Ω –ø—Ä–∏–≤–µ–¥–µ—Ç –∫ –≤–æ–∑–Ω–∏–∫–Ω–æ–≤–µ–Ω–∏—é —á–µ—Ä–Ω–æ–≥–æ —Ä—ã–Ω–∫–∞ –ª–∏—á–Ω—ã—Ö –¥–∞–Ω–Ω—ã—Ö, –Ω–∞ –∫–æ—Ç–æ—Ä–æ–º –º–æ–∂–Ω–æ –±—É–¥–µ—Ç –∑–∞ –ø–ª–∞—Ç—É ""–ø—Ä–æ—Å–ª—É—à–∞—Ç—å"" –ª—é–±–æ–≥–æ —Ä–æ—Å—Å–∏—è–Ω–∏–Ω–∞. –ü–æ–¥—Ç–≤–µ—Ä–∂–¥–µ–Ω–∏–µ —ç—Ç–æ–º—É ‚Äì —Ç–µ–∫—É—â–∞—è —Å–∏—Ç—É–∞—Ü–∏—è, –∫–æ–≥–¥–∞ –ø—Ä–∏ –Ω–∞–ª–∏—á–∏–∏ —Å—Ä–µ–¥—Å—Ç–≤ –º–æ–∂–Ω–æ –ø–æ–ª—É—á–∏—Ç—å –¥–æ—Å—Ç—É–ø –∫ —Ç–µ–ª–µ—Ñ–æ–Ω–Ω—ã–º –ø–µ—Ä–µ–≥–æ–≤–æ—Ä–∞–º –ª—é–±–æ–≥–æ –∞–±–æ–Ω–µ–Ω—Ç–∞ —Ä–æ—Å—Å–∏–π—Å–∫–∏—Ö –æ–ø–µ—Ä–∞—Ç–æ—Ä–æ–≤ —Å–æ—Ç–æ–≤–æ–π —Å–≤—è–∑–∏.   –ß—Ç–æ –∫–∞—Å–∞–µ—Ç—Å—è Telegram, —Ç–æ –ø—Ä–æ–µ–∫—Ç –∫–∞–∫ –Ω–µ –≤—ã–¥–∞–≤–∞–ª, —Ç–∞–∫ –∏ –Ω–µ –±—É–¥–µ—Ç –≤—ã–¥–∞–≤–∞—Ç—å –ª–∏—á–Ω—ã–µ –¥–∞–Ω–Ω—ã–µ –∏ –∫–ª—é—á–∏ —à–∏—Ñ—Ä–æ–≤–∞–Ω–∏—è —Ç—Ä–µ—Ç—å–∏–º —Å—Ç–æ—Ä–æ–Ω–∞–º. –ú–µ—Å—Å–µ–Ω–¥–∂–µ—Ä –ø–æ–ø—É–ª—è—Ä–µ–Ω —Å—Ä–µ–¥–∏ –¥–µ—Å—è—Ç–∫–æ–≤ –º–∏–ª–ª–∏–æ–Ω–æ–≤ –ø–æ–ª—å–∑–æ–≤–∞—Ç–µ–ª–µ–π –Ω–∞ –¥–µ—Å—è—Ç–∫–∞—Ö —Ä—ã–Ω–∫–æ–≤, –∏ —É–≥—Ä–æ–∑–∞ –±–ª–æ–∫–∏—Ä–æ–≤–∞–Ω–∏—è –Ω–∞ –æ–¥–Ω–æ–º –∏–ª–∏ –¥–≤—É—Ö –∏–∑ –Ω–∏—Ö –Ω–µ –ø–æ–≤–ª–∏—è–µ—Ç –Ω–∞ –µ–≥–æ –ø–æ–ª–∏—Ç–∏–∫—É –∫–æ–Ω—Ñ–∏–¥–µ–Ω—Ü–∏–∞–ª—å–Ω–æ—Å—Ç–∏.  https://vc.ru/p/klimenko-telegram"
649369,21546,2015-12-12 19:17:48,0,"–ü–æ—á–µ–º—É –µ—â–µ –Ω–µ –ø—Ä–∏–Ω—è—Ç –∑–∞–∫–æ–Ω, –∫–æ—Ç–æ—Ä—ã–π –∑–∞–ø—Ä–µ—â–∞–µ—Ç –Ω–µ—Ñ—Ç–∏ –æ–ø—É—Å–∫–∞—Ç—å—Å—è –Ω–∏–∂–µ $90 –∑–∞ –±–∞—Ä—Ä–µ–ª—å? ‚òùÔ∏èüòè üí°   http://www.rg.ru/2014/09/29/neft-anons.html"
593585,21770,2015-11-25 09:04:35,0,"–ú–æ–∂–Ω–æ –ª–∏ –¥–∞—Ç—å —Ä—ã–Ω–æ—á–Ω—É—é –æ—Ü–µ–Ω–∫—É —Ç–æ–º—É, —á—Ç–æ –Ω–µ –ø—Ä–æ–¥–∞–µ—Ç—Å—è?"
555311,15407,2015-11-16 21:46:42,0,–ú–Ω–µ–Ω–∏–µ –º–∏–Ω–∏—Å—Ç—Ä–∞ —Å–≤—è–∑–∏ –∏ –º–∞—Å—Å–æ–≤—ã—Ö –∫–æ–º–º—É–Ω–∏–∫–∞—Ü–∏–π –†–§ [id292653561|–ù–∏–∫–æ–ª–∞—è –ù–∏–∫–∏—Ñ–æ—Ä–æ–≤–∞]:
549734,216476,2015-11-16 15:31:47,0,"–ü—Ä–µ–¥–ª–∞–≥–∞—é –∑–∞–ø—Ä–µ—Ç–∏—Ç—å —Å–ª–æ–≤–∞. –ï—Å—Ç—å –∏–Ω—Ñ–æ—Ä–º–∞—Ü–∏—è, —á—Ç–æ —Å –ø–æ–º–æ—â—å—é –Ω–∏—Ö –æ–±—â–∞—é—Ç—Å—è —Ç–µ—Ä—Ä–æ—Ä–∏—Å—Ç—ã."
549376,39899,2015-11-16 15:12:21,0,
531296,86158,2015-11-10 19:35:12,0,"""–°—Ç—Ä–∞—Ö –ø—Ä–µ–≤—Ä–∞—â–∞–µ—Ç —Å–≤–æ–±–æ–¥–Ω—ã—Ö –ª—é–¥–µ–π –≤ —Å–ª–∏–ø—à—É—é—Å—è –º–∞—Å—Å—É —Ä–∞–∑—Ä–æ–∑–Ω–µ–Ω–Ω—ã—Ö —Ç–µ–ª"" ‚Äì —Ö—É–¥–æ–∂–Ω–∏–∫ –ü–µ—Ç—Ä –ü–∞–≤–ª–µ–Ω—Å–∫–∏–π, –ø–æ–¥–∂–µ–≥—à–∏–π –≤—á–µ—Ä–∞ –∑–¥–∞–Ω–∏–µ –§–°–ë üî•"
472308,88329,2015-10-26 00:36:12,0,
406956,48905,2015-10-10 03:23:48,0,
398912,8607,2015-10-06 23:14:17,0,
358165,47354,2015-09-27 14:14:36,0,
292843,42399,2015-08-30 14:41:21,0,
282340,8482,2015-08-25 18:02:46,0,–í—Å–µ –±–æ–ª—å—à–µ —Ñ—É–Ω–∫—Ü–∏–æ–Ω–∞–ª—å–Ω—ã—Ö –±–æ—Ç–æ–≤ –æ—Ç –Ø–Ω–¥–µ–∫—Å–∞. –ú–æ–π –ª—é–±–∏–º—ã–π –±–æ—Ç –æ—Ç –Ω–∏—Ö ‚Äì –ø–æ–∏—Å–∫ –ø–æ –∏–∑–æ–±—Ä–∞–∂–µ–Ω–∏—è–º https://telegram.me/ImageSearchBot
273010,48332,2015-08-22 23:09:05,0,–ü—Ä–æ–ø–ª—ã–ª 5.6 –∫–º –±—Ä–∞—Å—Å–æ–º üèä  https://instagram.com/p/6sj1UDL7fe
247797,16428,2015-08-17 18:50:24,0,–ö —Å–≤–æ–µ–º—É –¥–≤—É—Ö–ª–µ—Ç–∏—é Telegram –¥–æ—Å—Ç–∏–≥ –æ—Ç–º–µ—Ç–∫–∏ –≤ 10 –º–∏–ª–ª–∏–∞—Ä–¥–æ–≤ –µ–∂–µ–¥–Ω–µ–≤–Ω–æ –¥–æ—Å—Ç–∞–≤–ª—è–µ–º—ã—Ö —Å–æ–æ–±—â–µ–Ω–∏–π.   ‚ÄúThere is nothing noble in being superior to your fellow man; true nobility is being superior to your former self.‚Äù ‚Äï Ernest Hemingway
239387,10939,2015-08-15 17:25:44,0,–í–ö –±–ª–æ–∫–∏—Ä—É–µ—Ç —Ä–µ–∫–ª–∞–º—É Telegram –∏ –±–æ—Ç–æ–≤
155657,90982,2015-08-04 22:36:28,0,"–ó–ª–æ ‚Äì –∫–∞–∫ –∏ –¥–æ–±—Ä–æ ‚Äì –≤–æ–∑–≤—Ä–∞—â–∞–µ—Ç—Å—è —Ç–µ–º, –∫—Ç–æ –µ–≥–æ —Ç–≤–æ—Ä–∏—Ç. –ï—Å–ª–∏ –í—ã –¥—É–º–∞–µ—Ç–µ –æ –ø—Ä–∏–Ω–µ—Å–µ–Ω–∏–∏ –≤—Ä–µ–¥–∞ –¥—Ä—É–≥–∏–º, –í—ã –ø—Ä–∏—Ç—è–≥–∏–≤–∞–µ—Ç–µ –Ω–µ—É–¥–∞—á—É —Å–µ–±–µ —Å–∞–º–æ–º—É. –ò –Ω–∞–ø—Ä–æ—Ç–∏–≤, –µ—Å–ª–∏ –í–∞—à —Ä–∞–∑—É–º —Å—Ñ–æ–∫—É—Å–∏—Ä–æ–≤–∞–Ω –Ω–∞ —Ç–æ–º, —á—Ç–æ–±—ã –Ω–µ—Å—Ç–∏ –ª—é–¥—è–º –¥–æ–±—Ä–æ, –í–∞–º –±—É–¥–µ—Ç —Å–æ–ø—É—Ç—Å—Ç–≤–æ–≤–∞—Ç—å —É–¥–∞—á–∞."
148582,72495,2015-08-04 14:21:17,0,
145488,31140,2015-08-03 21:35:42,0,"–ï—Å—Ç—å –¥–≤–∞ —Å–ø–æ—Å–æ–±–∞ –æ—Ç–≤–µ—á–∞—Ç—å –Ω–∞ –∫–æ–Ω–∫—É—Ä–µ–Ω—Ü–∏—é. –ü–µ—Ä–≤—ã–π ‚Äì —Å–æ–≤–µ—Ä—à–µ–Ω—Å—Ç–≤–æ–≤–∞—Ç—å —Å–µ–±—è –∏ —Å–≤–æ–π –ø—Ä–æ–µ–∫—Ç. –í—Ç–æ—Ä–æ–π ‚Äì –ø—ã—Ç–∞—Ç—å—Å—è –≤—Ä–µ–¥–∏—Ç—å –∫–æ–Ω–∫—É—Ä–µ–Ω—Ç–∞–º. –ü–µ—Ä–≤—ã–π —Å–ø–æ—Å–æ–± –¥–æ–ª–≥–æ—Å—Ä–æ—á–Ω–æ —Ä–∞–±–æ—Ç–∞–µ—Ç, –≤—Ç–æ—Ä–æ–π ‚Äì –Ω–µ—Ç.  –ö–∞–∫ —Ç–æ–ª—å–∫–æ –í—ã —Å–º–µ—â–∞–µ—Ç–µ —Ñ–æ–∫—É—Å —Å —Å–∞–º–æ—Ä–∞–∑–≤–∏—Ç–∏—è –Ω–∞ –∫–æ–Ω–∫—É—Ä–µ–Ω—Ç–æ–≤, –í—ã –≤–ø—É—Å–∫–∞–µ—Ç–µ –≤ —Å–µ–±—è —Å—Ç—Ä–∞—Ö –ø–µ—Ä–µ–¥ –Ω–∏–º–∏. –í—ã –Ω–µ–æ—Å–æ–∑–Ω–∞–Ω–Ω–æ –ø—Ä–∏–±–ª–∏–∂–∞–µ—Ç–µ —Ç–æ, —á–µ–≥–æ –±–æ–∏—Ç–µ—Å—å. –°—Ç—Ä–∞—Ö ‚Äì —ç—Ç–æ —Å–∞–º–æ—Å–±—ã–≤–∞—é—â–µ–µ—Å—è –ø—Ä–æ—Ä–æ—á–µ—Å—Ç–≤–æ.  https://instagram.com/p/57jkzBr7Tr/"
58140,109440,2015-07-22 02:33:34,0,
45660,26317,2015-07-20 15:26:37,0,
45659,9938,2015-07-20 15:21:13,0,"–°–ø–∞—Å–∏–±–æ, [club36048400|HoodGraff] üëçüèª  ¬´–î–µ–ª–æ –≤ —Ç–æ–º, —á—Ç–æ –Ω–∞—Å –ø—Ä–∏–≥–ª–∞—Å–∏–ª–∏ –Ω–∞ —Ñ–µ—Å—Ç–∏–≤–∞–ª—å. –ú—ã —Å–æ–≥–ª–∞—Å–∏–ª–∏—Å—å —Ç–æ–ª—å–∫–æ –Ω–∞ –ø–æ—Ä—Ç—Ä–µ—Ç –î—É—Ä–æ–≤–∞. –û–Ω–∏ –±—ã–ª–∏ –Ω–µ –ø—Ä–æ—Ç–∏–≤, –Ω–µ—Å–º–æ—Ç—Ä—è –Ω–∞ –ø—Ä–µ–¥–≤–∑—è—Ç–æ–µ –æ—Ç–Ω–æ—à–µ–Ω–∏–µ, –∫–∞–∫ –æ–∫–∞–∑–∞–ª–æ—Å—å. –ù–æ –∑–∞ –Ω–µ—Å–∫–æ–ª—å–∫–æ –¥–Ω–µ–π –¥–æ —Ñ–µ—Å—Ç–∏–≤–∞–ª—è, –∫–∞–Ω–¥–∏–¥–∞—Ç—É—Ä—É –ü–∞–≤–ª–∞ —Ä–µ–∑–∫–æ –æ—Ç–º–µ–Ω–∏–ª–∏¬ª, ‚Äì —Ä–∞—Å—Å–∫–∞–∑—ã–≤–∞–µ—Ç –ê—Ä—Ç–∏ –ë—É—Ä–∂. –ü–æ –µ–≥–æ —Å–ª–æ–≤–∞–º, –µ–º—É –ø—Ä–∏—Ö–æ–¥–∏–ª–æ—Å—å —Å–ª—ã—à–∞—Ç—å, —á—Ç–æ –æ—Ç–±–æ–π –ø—Ä–æ–∏–∑–æ—à–µ–ª, –∫–æ–≥–¥–∞ —Ç–µ–º–∞ –æ–±—Å—É–∂–¥–∞–ª–∞—Å—å –Ω–∞ —É—Ä–æ–≤–Ω–µ –≤—ã—Å—à–µ–≥–æ —Ä—É–∫–æ–≤–æ–¥—Å—Ç–≤–∞ ¬´–í–ö–æ–Ω—Ç–∞–∫—Ç–µ¬ª.  –£–ª–∏—á–Ω—ã–µ —Ö—É–¥–æ–∂–Ω–∏–∫–∏ –∏–∑–æ–±—Ä–∞–∑–∏–ª–∏ –ø–æ—Ä—Ç—Ä–µ—Ç –ü–∞–≤–ª–∞ –î—É—Ä–æ–≤–∞, –Ω–µ—Å–º–æ—Ç—Ä—è –Ω–∞ –≤–æ–∑—Ä–∞–∂–µ–Ω–∏—è –æ—Ä–≥–∞–Ω–∏–∑–∞—Ç–æ—Ä–æ–≤ —Ñ–µ—Å—Ç–∏–≤–∞–ª—è ¬´–í–ö–æ–Ω—Ç–∞–∫—Ç–µ¬ª ‚Äì http://nevnov.ru/culture/sobitiya/ulichnye-xudozhniki-izobrazili-portret-pavla-durova-nesmotrya-na-vozrazheniya-organizatorov-festivalya-vkontakte/"
45657,45984,2015-07-20 00:11:49,0,–ü—É–±–ª–∏–∫—É—é –ø–µ—Ä–≤—É—é —Ñ–æ—Ç–æ–≥—Ä–∞—Ñ–∏—é —á–µ—Ä–µ–∑ Snapster ‚Äì –ª—É—á—à–∏–π –ø—Ä–æ–¥—É–∫—Ç VK –∑–∞ –ø–æ—Å–ª–µ–¥–Ω–∏–µ –º–µ—Å—è—Ü—ã üëç
